id,roastery_id,owner_id,name,description,address,latitude,longitude,phone_number,category,thumbnail_url,open_time,close_time
1,1,,맨홀커피,"맨홀커피는 맨홀뚜껑을 열고 지하 세계로 들어오면 새로운 세계가 펼쳐진다는 의미로 어딘가 신비로운 느낌의 계단을 두번 꺾어 내려오면 초록색 문이 등장합니다. 문을 열고 들어오면 18-19세기의 영국감성의 가정집을 모티브로 한 공간을 만나 볼 수 있습니다.

흑백티비와 더불어 바는 부엌, 샹들리에 아래는 밥을 먹는 장소, 벽난로와 서재로 인테리어 된 곳 입니다.

맨홀커피는 아늑한 분위기와 아름다운 공간과 더불어 최상의 스페셜티 커피를 제공합니다.

다시 초록색 문을 열고 나가면 여러분은 다시 현실세계로 돌아갈 수 있습니다.

또한 곳곳에 숨겨져 있는 맨홀커피의 7이라는 시그니쳐 표식을 찾는 것은 여러분께 또다른 재미있는 요소가 될 것입니다.

이 영화같은 공간에서의 주인공은 바로 당신입니다.",서울 영등포구 영신로 247 B동상가 지하1층,37.5292718,126.903915,0507-1322-9427,"카페,디저트",,,
2,1,,커피원,인스타그램을 통해 신메뉴 및 이벤트 안내를 하고 있습니다. 링크된 인스타그램을 팔로우해주시면 좋아요^^,서울 종로구 새문안로3길 12 지하1층 20호,37.571309,126.9729085,,"카페,디저트",,,
3,1,,씨크스페셜티커피,"스페셜티커피 전문매장 seek specialty coffee 입니다.
매번 라인업이 바뀌는 핸드드립 커피와 다양한 시그니쳐 음료 그리고 디저트들로 눈도 맛도 만족할 수 있게 노력합니다.
대회 입상경력이 있는 전문 바리스타 챔피언이 내려주는 맛있는 커피와 디저트를 함께 즐겨보세요.

독특한 메뉴와 시그니처 음료로 특별한 커피 경험!
샤로수길에서 진정한 커피의 맛을 찾고 계신가요? 서울대입구역 근처에 위치한 씨크스페셜티커피는 남다른 커피 경험을 선사합니다. 이곳은 다른 카페에서 쉽게 만나기 힘든 독특한 메뉴들로 가득 차 있어, 매번 새로운 즐거움을 느낄 수 있습니다. 특히 다양한 시그니처 음료는 커피 마니아들에게 꾸준한 사랑을 받고 있습니다.

서울대입구역 카페 추천: 특별한 디저트와 커피의 만남
서울대입구역 주변에 있는 많은 카페 중에서도 씨크스페셜티커피는 차별화된 메뉴와 높은 품질로 돋보입니다. 이곳의 핸드드립 커피는 매번 바뀌는 원두 라인업 덕분에 방문할 때마다 새로운 맛을 즐길 수 있습니다. 디저트 또한 다양하게 준비되어 있어, 커피와 함께 색다른 즐거움을 누릴 수 있습니다.

대회 입상 경력의 박민규 바리스타가 선보이는 커피
씨크스페셜티커피의 매력은 독특한 메뉴뿐만 아니라 바리스타의 뛰어난 실력에도 있습니다. 대회에서 여러 차례 입상 경력을 보유한 박민규 바리스타가 정성스럽게 내리는 커피는 그 맛과 향이 특별합니다. 정교한 핸드드립 커피를 맛보고 싶다면 이곳이 최적의 선택입니다.

샤로수길의 특별한 커피 경험을 원한다면
샤로수길에 있는 씨크스페셜티커피는 맛뿐만 아니라 독특한 메뉴 구성으로 커피 애호가들의 발길을 사로잡습니다. 이곳에서만 만날 수 있는 시그니처 음료와 다양하게 준비된 디저트는 매번 방문할 때마다 색다른 경험을 선사합니다. 커피의 맛과 독창성을 동시에 즐기고 싶다면 씨크스페셜티커피를 꼭 방문해 보세요!",서울 관악구 관악로12길 45-12 1층 씨크스페셜티커피,37.4783147,126.9552539,0507-1379-6711,"카페,디저트",,,
4,1,,스페셜티 스튜디오,"문래동 속 작은 도쿄, '스페셜티 스튜디오' 카페

도쿄의 따뜻한 하루를 닮은 커피 한 잔.

직접 로스팅한 원두와 드립커피로 한 잔 한 잔 정성을 담아내요.
고소한 우유 아이스크림과 수제 당고까지 곁들이면 도쿄의 어느 오후처럼, 조용하고 따뜻한 순간이 찾아 옵니다.

커피를 좋아하는 이들이 모이는 곳, 스페셜티 스튜디오 문래점입니다.

<매장에 대한 보충 안내>
저희가 개인적으로 소장하고 있던 지브리 소품들을 손님들과 공감하는 차원에서 매장에서 사용 했었습니다. 하지만 지브리측에서 매장내 관련 소품을 철수하고 관련 사진을 내려달라는 요청이 있어서 소품을 정리하고 네이버 공간 자체를 다시 리셋하게 되었습니다. 손님분들과 저희의 추억이 사라지기는 했지만 다시 새롭고 행복한 추억을 쌓아가길 희망합니다. 함께 해 주시면 너무너무 감사하겠습니다. 더 많은 노력 하겠습니다.^^",서울 영등포구 도림로139길 4 1층(문래동2가),37.5144169,126.8933862,0507-1471-0331,"카페,디저트",,,
5,1,,댓커피,"개성만점 댓커피만의 음료, 디저트를 즐겨보세요.

The Korea Times 2018.November
Maison marie claire 2019.January
ELLE 2019.March
월간커피 2019.April",서울 마포구 백범로1길 60,37.5554467,126.9398794,0507-1356-7188,"카페,디저트",,,
6,1,,액션커피,"액션커피는 흑석동 중앙대학교 근처에 위치한 핸드드립 스페셜티 커피 전문점입니다.
매달 주제를 정해 선별한 싱글오리진 커피를 소개하며, 고급 드립백도 함께 판매하고 있어요.
Panama Geisha부터 에티오피아 내추럴까지, 생두의 본질을 담아 정성껏 내려드립니다.

조용하고 감각적인 공간에서 진짜 커피를 마시고 싶은 분들을 위한 핸드드립 바.
시그니처 궁시리즈 블렌딩도 직접 구성하며, 커피와 어울리는 굿즈와 도자기잔도 선보입니다.",서울 동작구 서달로15길 23 액션커피,37.5084889,126.9616522,0507-1493-0610,"카페,디저트",,,
7,1,,로우키,,서울 성동구 송정6길 5,37.5494383,127.0652142,,"카페,디저트",,,
8,1,,로우베어,"핸드 드립 전문점 로우베어는
엄격한 기준을 통해 선별한 8종 원두를 골라매일 매일 특별한 커피를 드리는 공릉 경춘선 숲길 수제 케이크 카페 카페입니다.

전면 유리통창으로 이루어져 내다보이는 풍경과 마음 차분해지는 음악으로 감성을 자극하여 커피와 분위기에 집중 할 수 있는 로우베어

경춘선 숲길의 풍경과 따뜻함이 공존하는 모던함이 어우러져 방문하는 모든 고객분들이
편안하게 핸드드립 커피를 즐기시며
따스한 하루가 되길 바랍니다

인스타 @rawbear_official을 통해 최신 매장 정보를 확인하세요 : )",서울 노원구 동일로186길 76 1층 101호,37.6254194,127.0772082,0507-1404-8577,"카페,디저트",,,
9,1,,오핀 로스터리,"프리미엄 원두를 직접 로스팅하여 신선하고 다양한 드립커피의 맛을  느낄 수 있는 로스터리 카페입니다. 직접 홈베이킹한 다양한 스콘과 까눌레, 케익류를 함께 즐길 수 있는 공간입니다.",서울 은평구 북한산로 234,37.6513352,126.9375947,0507-1362-5556,카페,,,
10,1,,커피볶는여자 샤로수길본점,"매주 직접 로스팅한 숙성원두로 블랜딩한 원두로
고소하고 묵직한 시그니처 커피를 맛 보실수
있습니다.

한잔 한잔 수작업으로 정성을 다해 주문이 밀렸을시
제조 시간이 좀더 소요될수 있습니다.

2016년부터 작고 아담한 커볶1호점을 이용해주신 단골분들께 항상 감사드립니다. 더욱 넓고 좋은
공간에서 만나뵙겠습니다.

연중무휴
낮 12시 오픈~ 오후 10:40홀 마감",서울 관악구 관악로14가길 2 1층,37.4783294,126.9561265,0507-1396-2829,"카페,디저트",,,
11,1,,마그마커피 로스터리카페,"마그마커피는 커피가 가진 본연의 맛을 기분 좋게 느낄 수 있도록 균형감 있는 스페셜티 커피를 제공합니다.

지하철 9호선 선정릉역 3번 출구 근처에 위치한 마그마커피로스터리 카페는 마그마커피가 추구하는 맛을 대중에게 선보임과 동시에 커핑, 비즈니스 회원 상담 등의 공간으로 사용되고 있습니다.",서울 강남구 선릉로 570 1층 마그마커피,37.5093915,127.0444162,0507-1471-8893,"카페,디저트",,,
12,1,,로스터리카페 요정,"요정은 매일 신선한 원두를 매일 볶습니다
을지로커피케이터링,단체주문도 역시 로스터리요정
당신의 한잔에 요정의 응원을 담아 :)",서울 중구 을지로 54-1 지하상가2호,37.565893,126.983809,0507-877-3187,"카페,디저트",,,
13,1,,st.535로스터리카페,"리뉴얼오픈했읍니다~물론,쥔장은그대로구요^^
주인이 직접 내려주는 핸드드립과 레버식 에스프레소 머신에서 내려지는 깊은 커피맛을 느껴보시려면 방문필수!!!
매일매일 신선한 그린빈을 로스팅하여 고객분들께 선보이고 있습니다~

참고로,매월마지막주월요일은정기휴무일이오니이용에참고해주세요~",서울 동작구 상도로30길 40 두산위브트레지움 2차 상가 106호,37.5043736,126.9422357,02-2645-8977,"카페,디저트",,,
14,1,,화이트비치 로스터리 카페,"로스터리 카페 '화이트비치'는
* 스페셜티 등급의 생두를 사용하여, 매장에서 직접 로스팅
*모든 소스류[화이트비치&블랙비치&바닐라 등] 자체 개발한 레시피로 제조합니다!",서울 성북구 아리랑로4가길 8 1층,37.5952238,127.0170365,0507-1432-5088,"카페,디저트",,,
15,1,,로스터리카페 살그래,"'좋은 커피는 함께 나누고 느낄 때 더욱 빛난다.'

서울 노원구 수락산역 도보 5분 거리, 조용한 골목에 위치한 로스터리카페 살그래는 스페셜티 등급 이상의 고품질 생두만을 사용한 핸드드립 커피 전문점입니다.

매장에서 직접 선별하고 로스팅한 스페셜티 원두를 각 원두의 특성에 맞춘 디게싱 기간을 거쳐, 가장 맛있게 즐길 수 있는 시기에 제공합니다.

살그래의 핸드드립 커피는 바리스타가 정드립 방식으로 한 잔씩 정성스럽게 추출합니다.
밸런스 좋은 산미, 은은한 단맛, 깔끔한 클린컵을 목표로 매일 정성껏 준비하고 있습니다.

에스프레소 음료 또한 100% 스페셜티 블렌딩 원두로 추출하며,
매일 아침 추출테스트를 통해 아메리카노와 라떼의 맛을 일정하게 유지합니다.

커피를 좋아하시거나, 나만의 데일리 원두를 찾고 계신다면
살그래에서 다양한 싱글오리진 원두 10여 종을 만나보세요.
시즌과 수입 상황에 따라 일부 원두는 한정 제공되며, 바리스타의 추천을 통해
새로운 향미의 커피를 경험하실 수 있습니다.

직접 로스팅한 원두와 대용량(15g)드립백은 매장에서 상시 판매 중입니다.
5개입, 10개입, 20개입의 드립백 선물세트도 구비되어 있습니다.
15g 대용량 드립백은 회사, 홈카페, 여행지 등 일상 속 다양한 공간에서도
간편하고도 깊이 있는 커피 타임을 선사합니다.
디카페인 원두 드립백도 구비되어 있어 카페인 섭취가 부담스러운 분들께도 추천드립니다.

매장 내부는 화이트와 민트하늘빛 포인트의 깔끔하고 차분한 분위기로,
혼자만의 시간은 물론, 친구들과 담소를 나누거나, 부모님이나 사랑하는 아이들과 행복한 시간을 보내기에도 좋은 곳입니다.

매일 아침 8시 문을 열어,
출근길 고객님부터 한가로운 오후 커피타임까지
누구나 편하게 머물 수 있는 공간, 살그래.

'다른 사람이 눈치채지 못할 만큼 조용하고 은은하게.'
저희 상호가 가진 이 의미처럼,
여러분의 삶 속에 조용히 스며드는 커피를 만들고 싶습니다.

좋은 원두로 만든 좋은 커피 한 잔이 필요하다면, 언제든 환영입니다.

노원구 수락산역 근처에서 스페셜티 원두, 핸드드립, 드립백 선물세트를 찾고 계시다면, 살그래에서 만나보세요.",서울 노원구 동일로241가길 55 1층 102호,37.6764474,127.0518902,0507-1421-0733,"카페,디저트",,,
16,1,,콤파일,"벌컥벌컥 마시는 음료가 아닌, 저희는 한모금에 집중할수 있는 음료이길 원합니다. 더 나아가 한모금에 여러 생각들을 정리하기도 하고, 갇혀있던 한숨을 내쉬기도 하며 잠시나마 찌든 일상에서 벗어나 자기만의 시간을 가질수 있도록 하는 매개체가 되기를 바래요.

빠른 음악보다는 배경음악 정도로 취급하며 내 할일을 할수 있는 느린음악을 선호하고, 진동벨을 울린다거나 돌아다니며 직접 서빙하는 방식보다는 천천히 지나가는 컨베이어 벨트를 통해 이야기하기도 합니다. 이것이 우리가 지향하는 방식입니다.

저희의 공간과 음악, 그리고 음료를 통해 찰나의 얕은 휴식이라도 챙겨가셔서 다시 일상으로 돌아갔을 때, 원동력의 자그마한 보탬이라도 될수 있다면 저희로서는 더할 나위 없을테니요.

앞으로도 훌륭한 커피만 모아 다양하게 소개할수 있도록 하겠습니다. 방문 해주신 모든분들의 한모금에 위로가 될수 있도록. 고맙습니다.",서울 마포구 잔다리로 73 1F,37.554028,126.91637,0507-1494-1049,"카페,디저트",,,
17,1,,Uig,"Uig는 스코틀랜드의 마을 우이그를 담은 공간입니다.

지난 여행에서 시작한 우이그는 단순히 음료를 제공하는것을 넘어 공간이 주는 분위기와 다양한 경험을 제공하고자 합니다.",서울 마포구 망원로3길 7,37.5570789,126.9014508,02-336-1256,"카페,디저트",,,
18,1,,알렉산디노 강남역삼점,"물리학도가 볶고, 법학도가 내리는 당신의 세상에 없던 커피.

알렉산디노가 스페셜티 커피의 기준을 제시해드립니다.

이탈리아 피렌체의 에스프레소 아카데미(Espresso Academy),
호주 브리즈번의 울프 커피 칼리지(Wolff College of Coffee),
일본 오사카의 본막 커피 로스팅 스쿨(Bonmac Coffee Roasting School), 타시로 커피 로스팅 스쿨(Tashiro Coffee Roasting School)에서 로스팅과 바리스타 과정을 수료한, 물리학도 방주비 헤드로스터와 법학도 김재현 대표 바리스타가 공동으로 설립한 알렉산디노 커피는 스페셜티 커피를 기본으로 한 핸드드립 커피와 에스프레소 배리에이션 커피들을 전문으로 하고 있습니다.

알렉산디노 커피 매장에서는 세계 최고의 커피를 만들어내고 있는 방주비 헤드로스터가 알렉산디노 역삼 로스팅랩에서 직접 로스팅한 다양한 스페셜티 커피 라인업을 만나보실 수 있습니다.

이러한 다양한 스페셜티 커피의 라인업을 김재현 대표 바리스타를 비롯한 알렉산디노 강남역삼점의 바리스타들이 가이드해 재미있고 맛있는 스페셜티 커피의 세계로 안내해드립니다.

그리고 알렉산디노에서는 스페셜티 커피 뿐만 아니라 커피와 함께 즐기는 디저트와 디쉬들도 세계 최고의 수준으로 만나보실 수 있는데요, 튀르키예 이스탄불의 가장 유명한 카이막 맛집이라고 할 수 있는 Karakoy Muhallebicisi를 직접 다녀와서 그 맛을 그대로 재현한 정통 터키쉬 카이막을 알렉산디노에서 만나실 수 있습니다. 튀르키예에서 현지 카이막을 드시고 오신 26팀의 고객님들께서 터키보다 맛있다는 평을 남겨주셔 세계 원탑 카이막의 자리에 오른 알렉산디노 카이막을 직접 맛보시길 추천드립니다.

그리고 정통 프렌치 레스토랑에서 브런치 메뉴로 내었던 레시피를 그대로 재현하여 2시간에 걸쳐 만들어내는 프렌치토스트도 꼭 맛보셔야 할 메뉴라고 말씀드릴 수 있습니다.

매장에서 직접 굽는 수제 생블루베리 바스크치즈케익은 말할 것도 없구요, 배고플 때 건강하고 맛있게 즐길 수 있는 바질 리코타 치즈와 토마토 마리네이드가 듬뿍 담긴 이탈리안 치아바타 샌드위치도 빼먹으면 섭섭하답니다.

또한 홍콩 현지인들만 즐겨서 홍콩 차찬텡의 메뉴판에서는 찾을 수 없다는 홍콩식 밀크티인 똥윤옝, 그리고 똥윤옝과 페어링으로 천상의 맛을 자랑하는 홍콩 크로와상도 빼먹으면 안되는 메뉴라고 하겠습니다.

모두가 사랑하는 버터크로플도 카이막을 추가하여 색다르게 즐기실 수 있구요.

그래서 알렉산디노 역삼에서는 이 모든 커피와 디저트를 코스메뉴로 즐기실 수 있도록, 커피를 위주로 한 3코스 커피 오마카세부터 브런치코스(3코스), 샘플러코스(5코스), 디카페인 코스(4코스) 및 커피 인문학 강의와 함께 하는 세계 커피 여행인 커피 인문학 코스(10코스) 등 다양한 커피 오마카세 코스도 준비해놓고 있습니다.

다양한 스페셜티 커피, 디저트, 디쉬와 함께 세계 방방곡곡의 커피 문화를 만끽해 보시기 바랍니다.

알렉산디노 강남역삼점은 커피계에서 지금까지 이러한 커피는 없었다는 얘기를 들으며 주목을 받고 있는 알렉산디노가 처음으로 강남에 만든 플래그쉽 매장으로 알렉산디노의 방주비 헤드로스터와 김재현 바리스타가 여러분들을 맞이하도록 하겠습니다.

당신의 세상에 없던 커피, 이제 알렉산디노에서 만나보십시오.",서울 강남구 테헤란로30길 31 지하1층,37.4992542,127.0400568,0507-1364-8759,"카페,디저트",,,
19,1,,센트럴사이트 연남점,"안녕하세요.
센트럴사이트 커피 로스터즈 입니다.

시그니처는 로스터리에 기반한 브루잉(핸드드립)입니다.

게이샤, 스페셜티 커피를 포함한 10종 이상의 다양한
브루잉(핸드드립)커피와 원두가 준비되어있습니다.

고품질, 희소성, 캐릭터 3가지 조건을 모두 만족시키는
커피와 원두를 합리적인 가격에 즐기실 수 있습니다.

언제나 바리스타가 취향과 기호에 맞는 커피를 고르실 수 있도록 안내를 도와드립니다.

전문 로스터가 레귤러하게 수십가지 생두를 테스트하여
셀렉하고, 매장에서 직접 로스팅, QC, 상품화 합니다.

또한 에스프레소 & 밀크베리이션 커피의 모든 메뉴는
미드나잇 블렌드 / 시즈널 블렌드(게이샤블랜드) / 디카페인
3종의 커피를 선택하실 수 있습니다.

콜드브루 메뉴라인 역시 3종류로 매일 정밀하게 추출합니다.

시그니처 디저트는 티라미수와 트라이플 입니다.

이탈리아 정통 레시피로 만든 클래식 티라미수가 스테디셀러이며,
커피와 너무 잘 어울리는 로투스 티라미수도 준비되어있습니다.

트라이플은 바닐라시트와 부드럽고 풍미있는 커스터드 크림,
특제 생크림을 레이어드하고,신선한 생과일을 듬뿍 올려 즐기는
영국식 레이어드 입니다.

히든메뉴로 파베초콜릿을 한입 가득 베어무는듯한
딥퍼지 브라우니가 준비되어 있으며, ss시즌에는 아이스크림 토핑
옵션을 선택하실 수 있습니다.

1층은 브루잉 바 & 로스팅 랩
2층은 네추럴 무드의 홀 테이블
3층은 루프탑으로 구성되어있습니다.

벌써부터 설레입니다. 매장에서 뵙겠습니다!",서울 마포구 연희로 29-1 센트럴사이트,37.561549,126.9268517,0507-1430-7789,"카페,디저트",,,
20,1,,5TO7&구욱희씨 퍼블릭가산점,"5TO7&구욱희씨 퍼블릭가산점 - 가산디지털단지의 조용한 디저트 카페
가산디지털단지역 근처에서
분위기 좋은 디저트 카페를 찾고 계신다면,
'5TO7&구욱희씨 퍼블릭가산점'을 소개합니다.

퍼블릭가산 1층에 자리한 이곳은
바쁜 하루 속 짧은 쉼표처럼,
조용하고 감성적인 시간을 보낼 수 있는 공간입니다.

부드럽게 녹아내리는 수플레의 매력
'5TO7'은 성수동에서 수플레 맛집으로 이름난 디저트 브랜드입니다.
가산에서도 이제 그 정통 수플레를 그대로 맛볼 수 있게 되었습니다.

입안에서 사르르 녹는 펄 크림 브륄레 수플레,
계절 과일로 만든 생과일 수플레,
풍미 깊은 티라미수 수플레까지
정성이 느껴지는 한 접시가 감성을 자극합니다.

'구욱희씨 쿠키'를 아시나요?
수플레와 함께 만날 수 있는 또 하나의 매력은 바로 '구욱희씨'입니다.
수제 쿠키 전문 브랜드로,진한 풍미와 쫀득한 식감이 매력적인 쿠키를 선보이고 있습니다.

고소하고 부드러운 맛의 밸런스는
커피와 함께 즐기기에 탁월하며,
간단한 선물용으로도 손색이 없습니다.

핸드드립 커피와 조용한 시간
바리스타가 직접 내려주는 핸드드립 커피는
수플레와 쿠키의 맛을 더욱 풍성하게 만들어줍니다.
창가 쪽 자리에 앉아 커피 한 잔과 함께라면,
잠시나마 도시의 소음도 잊어보세요.

데이트 코스, 혼자만의 시간, 혹은 가벼운 미팅 장소로도 제격입니다.

매장 정보
주소: 서울 금천구 디지털로 178, 퍼블릭가산 1층

위치: 가산디지털단지역 6번 출구에서 도보 약 6분

주차: 퍼블릭가산 건물 내 2시간 무료

영업시간: 매일 10:30 - 21:30 (라스트오더 20:30)

이런 키워드로 검색하셨다면, 바로 여기입니다
가산 카페, 가산디지털단지 디저트카페, 수플레맛집,
가산 데이트, 핸드드립커피, 가산 조용한 카페,
퍼블릭가산 카페, 가산디지털단지역 카페 추천",서울 금천구 디지털로 178 가산퍼블릭 1층 M-111호,37.4766286,126.8871293,0507-1439-0532,"카페,디저트",,,
21,1,,이미커피,"Pairing.

좋아하는 디저트를 고르세요.
가장 조화로운 커피가 준비되어 있습니다.

로스터는 커피의 맛과 향을 찾아내고
파티쉐는 그 커피에 어울리는 디저트를 만들고
바리스타는 디저트에 딱 맞는 커피를 준비해 드립니다.",서울 마포구 동교로25길 7 1층,37.5574767,126.9219163,,"카페,디저트",,,
22,1,,맨홀커피웨스턴책방,"맨홀커피 웨스턴 책방은 스마트폰과 미디어에 의존하는 일상에서 벗어나 독서를 통해 디지털 디톡스와 힐링을 실천할수 있는 장소로 꾸며졌습니다.
하루의 분주함을 잠시 뒤로하고 이곳에서 집중력과 창의력을 키우며 행복을 발견해 보시기 바랍니다.
맨홀커피 웨스턴 책방에서 또다른 세계로 여러분을 초대합니다 감사합니다.

-맨홀커피 웨스턴 책방장인 이력-
- 전 경영학과 교수, 경영학박사-",서울 영등포구 영등포로27길 24 맨홀커피 웨스턴 책방 1층,37.5229918,126.8995265,0507-1348-9427,"카페,디저트",,,
23,1,,5to7 성수본점,"[성수동/서울숲 수플레맛집] 5to7 오투칠, 성수카페

안녕하세요. 성수동,서울숲 카페거리에서 스페셜티 드립커피(브루잉)와 수플레를 만드는 5to7 오투칠(성수본점)입니다. 어느새 7년 동안 찾아주신 덕분에 성수카페,서울숲카페 대표 수플레맛집으로 많은 사랑을 받고 있습니다. 진심으로 감사합니다.

5to7 오투칠의 강점
1. 직접 로스팅한 스페셜티 원두로 내리는 향 깊은 브루잉/드립커피
2. 오투칠만의 레시피로 완성하는 부드럽고 고소한 수플레
3. 방송을 통해서도 소개되며 '성수 디저트/서울숲 디저트'를 찾는 분들이 많이 방문하는 곳

슬로건 : Time to be free
오투칠의 슬로건은 'Time to be free' 입니다. 시간이 지나며 더 멋스러워진 엔틱 가구와 스탠드, 마음을 편안하게 해주는 따뜻한 톤의 조명 아래에 앉아 있므녀, 바쁜 시간에서 잠시 벗어나 여유롭고 느긋한 성수 감성카페의 시간을 즐길 수 있어요.

공간 안내.

1F 주문/픽업 및 좌석과 테라스 좌석
2F 카페이용곤간 및 테라스 좌석
3F 루프탑

오시는 길
서울숲역 4,5번 출구 / 뚝섬역 8번 출구에서 가까워요.
갤러리아포레 정문 옆 길로 오시면, 첫 번째 골목 바로 앞 건물에 위치해 있습니다.

이용 안내(필독)
1. 메뉴 특성상 드립커피/수플레는 10~20분 정도 소요될 수 있습니다.
2. 웨이팅이 발생할 수 있으나 최대한 빠르게 준비해드리겠습니다.
3. 좌석 예약은 불가합니다.
4. 포장은 매장으로 전화 주시면 빠르게 안내드릴게요.

애견동반 안내
반려견을 사랑하지만, 정부 규제 및 민원 이슈로 현재 매장 내부 애견동반은 어렵습니다.

주차 안내
자세한 주차 정보는 '찾아오시는 길'에서 확인 부탁드리며, 인근 주차장으로는
성동구민종합체육센터 / 갤러리아포레 / 서울숲 D타워 / 뚝섬유수지 공영주차장 등이 있습니다.",서울 성동구 서울숲2길 44-13 1층,37.5461191,127.0432656,0507-1333-7616,"카페,디저트",,,
24,1,,소울마켓 베이커리,소울마켓 베이커리에서는 향긋한 커피와 영혼 가득한 빵&디저트를 만날 수 있습니다. 편안한 마켓에 온 기분으로 커피와 디저트를 즐기며 쉬어 가세요 :),서울 강남구 영동대로 513 코엑스몰 B1층 I 101호,37.5112569,127.0593023,0507-1336-3560,베이커리,,,
25,1,,히트커피 로스터스 신사,"히트커피로스터스 가로수길 신사점

2025 World Best Brewing 1위
2024 World Best Roasting 4위
2020 마스터오브로스터 8위
2019 한국 로스팅 국가대표 선발전 9위

- 원두납품 / 원두구매 문의 (kakao : 히트커피)",서울 강남구 도산대로17길 34 1층,37.5209243,127.0240966,0507-1473-0404,"카페,디저트",,,
26,1,,지오바네커피,커피의 기본에 충실한 역삼동 커피맛집.,서울 강남구 논현로98길 5 1층 101호,37.5036828,127.0361303,02-6952-3453,"카페,디저트",,,
27,1,,컨플릭트스토어 신사 본점,"국내외 스페셜티커피 브랜드 원두 편집샵,
노르웨이,덴마크,미국,호주 등 해외 유명 로스터리 샵들의 다양한 원두를 취급하며, 에스프레소, 필터커피, 커피오마카세 컨텐츠를 즐길 수 있는 카페",서울 강남구 논현로153길 53 1층 5호 컨플릭트스토어,37.5201052,127.0238684,02-517-0122,"카페,디저트",,,
28,1,,커피릴리,"우리 카페는 스페셜티 원두, 하우스 원두, 디카페인 원두로 구성된 총 3가지 원두 라인업을 운영하고 있습니다.

각 원두는 풍미와 균형을 기준으로 엄선하여
누구나 편안하게 즐길 수 있으면서도 깊이 있는 커피 경험을 제공합니다.

또한 꽃차 명인이 직접 덖음한 프리미엄 꽃차를 선보여
섬세한 향과 여운이 살아 있는 차 문화를 함께 전합니다.

스페셜티 원두는 분기별로 라인업이 변경되어
항상 새로운 선택의 즐거움을 느끼실 수 있습니다.",서울 강남구 선릉로130길 20 제상가동 제1층 제103호,37.5165186,127.0426013,0507-2085-1735,카페,,,
29,1,,오로스트커피,뱅뱅사거리 인근에서 다양한 스페셜티를 로스팅하는 로스터리 커피집 직접 만드는 다양한 디저트를 판매하는 매장입니다,서울 강남구 강남대로62길 21 1층 오로스트커피,37.4907183,127.0332191,02-568-8089,"카페,디저트",,,
30,1,,마일스톤 커피,"신사동 가로수길 메인길에서 조금만 벗어나면 나오는 한적한 골목길에 위치해 있습니다.
2014년도부터 지금까지 오랫동안 사랑받고 있는 스페셜티 커피 전문 로스터스입니다.
언제든지 누구든지 들어와서, 편안하게 맛있는 커피를 즐길 수 있는 공간을 지향합니다.",서울 강남구 논현로159길 49,37.5218928,127.0243176,0507-1425-1195,카페,,,
31,1,,에이림커피,매일 로스팅하는 신선한 커피 하우스,서울 강남구 강남대로62길 34 1층,37.4908547,127.0342446,02-575-5832,카페,,,
32,1,,우디집 로스터리,"우리는 나무처럼 한자리에 오래 머물며, 사람들과 진심을 나누는 공간이 되기를 바랍니다.

자연이 주는 편안함과 안정감, 그리고 나무가 가진 따뜻하고 생명력 있는 에너지를 공간 속에 녹여낸 우디집은, 바쁜 도시 속에서 한숨 돌릴 수 있는 휴식처를 지향합니다.

편안한 휴식처에서 맛있는 디저트와 커피를 즐겨보세요.",서울 강남구 압구정로46길 32 삼일빌딩 2층 우디집,37.5265453,127.0360045,070-7728-3306,"카페,디저트",,,
33,1,,레이어 로스터리 바,매장에서 직접 로스팅한 원두를 사용합니다.,서울 강남구 선릉로76길 5 1층,37.5014827,127.050974,0507-1339-7516,"카페,디저트",,,
34,1,,쿠지 커피 로스터스 강남역점,"쿠지 커피 로스터스
맛있는 커피로 매일 매일을 행복하게",서울 강남구 역삼로5길 12,37.4946747,127.0322392,0507-1351-8138,베이커리,,,
35,1,,데바스테이트,"데바스테이트(DEVASTATE)는 압구정로데오역 인근에 위치한 청담동 스페셜티 로스터리 카페 입니다.
커피와 공간을 통해 행복한 경험을 선사하기 위해 노력합니다.

직접 로스팅 한 신선한 원두를 사용합니다.
견과류의 고소함과 묵직한 '블랙 블렌드'와 풍부한 향미와 부드러운 단맛의 '오렌지 블렌드' 늦은 시간에도 부담없는 '디카페인'으로 취향에 맞춰 맛있는 커피를 제공합니다.

또한 매장 안쪽에는 넓은 공간의 내부 좌석과 야외 테라스가 구비되어 있어 편안한 시간을 선사합니다.

차량 이용 고객님께서는 매장 맞은편 발레파킹을 이용하시어 보다 편안하게 이용하실 수 있습니다.

문의사항이 있으실 경우 운영시간 내 유선(070-7717-6100)으로 문의하시면 친절히 답변드리겠습니다.",서울 강남구 선릉로162길 51 1층 데바스테이트 (DEVASTATE),37.5261145,127.0447294,070-7717-6100,"카페,디저트",,,
36,1,,해머스미스커피 본점,"커피 맛있기로 소문난 해머스미스커피 본점 입니다

고품질의 원두로 내린 맛있는 커피를 합리적인 가격에 제공합니다

맛보면 단골 되실거예요~!!",서울 강남구 논현로94길 7,37.5024282,127.0369545,02-6406-0888,카페,,,
37,1,,옵션스페셜티커피 상록회관점,"저희 매장은 [패스오더 앱]으로 편하게 주문이 가능한 매장입니다!
앱으로 미리 주문하고 방문 후 기다리지 않는 VIP 경험을 가져보세요!",서울 강남구 언주로 508 지하1층 옵션스페셜티커피 상록회관점,37.5038852,127.043763,0507-2093-2489,"카페,디저트",,,
38,1,,트러스트 스페셜티 커피 선릉역점,"저희 카페는 스페셜티 원두를 사용하여 맛있는 커피를 내리고 신선한 과일을 이용한 생착즙 쥬스를 판매하고 있는 곳입니다. 다양한 시그니처 메뉴를 통해 다양한 고객의 니즈를 만족시킬 수 있는 전문 음료 카페입니다. 또한 커피와 음료에 어울리는 디저트(샌드위치, 앙버터, 크로와상, 초코브라우니 등)도 다양하게 준비되어 있습니다. 야외 테라스가 있는 카페에서 음료와 디저트를 즐겨보세요.",서울 강남구 언주로98길 36 1층 101호,37.5045744,127.04467,0507-1410-2321,"카페,디저트",,,
39,1,,원유로 스페셜티 강남역지하상가점,"원유로 스페셜티 커피는 CQI (미국 커피 품질 학회)에서 높은 평점을 받은 프리미엄 생두이며, 깊은맛과 깔끔함을 선사합니다.

최고의 맛과 향을 원유로 스페셜티에서 체험해보세요.",서울 강남구 강남대로 396 강남역지하도상가 지하 1층 E-44호,37.4985733,127.0273316,0507-0289-5421,테이크아웃커피,,,
40,1,,커피스니퍼 역삼 센터필드점,"2019년도에 설립된 로스터리 브랜드 커피 스니퍼 입니다. 바리스타들이 모여 만든 브랜드로 매해 시즈널 싱글오리진, 하우스 블렌드 3종 등을 소개하고 있으며 지속적이고 건강한 스페셜티 커피 문화를 위해 오프라인, 온라인을 통해서 노력하고 있습니다.

커피를 좋아하는 모든 사람들이 쉽고 편안하게 즐길 수 있는 커피 문화를 중심으로 성장 목표를 두고 있습니다. 커피 스니퍼에 방문하시는 분들이 역사 속에 담겨있는 커피 스니퍼를 시각적으로 즐길 수 있는 인테리어 포인트, 커피 중심의 메뉴 구성 등을 기반으로 어우러진 음악과 함께 오감을 만족시킬 수 있는 분위기를 조성합니다. 또한 로스터리에서는 전문적인 로스팅을 기반으로 매월 다양한 싱글오리진 리스트를 소개합니다.",서울 강남구 테헤란로 231 센터필드 지상 2층 E207호 커피스니퍼,37.5034691,127.0416825,0507-1390-7215,"카페,디저트",,,
41,1,,오프로스트 압구정점,"두바이 피스타치오 크림 라떼 in 압구정!
건물주 픽 로스터리 카페 오프로스트를 만나보실 수 있습니다 :)
핸드드립으로 다양한 원두를, 디저트로는 두바이 초코 휘낭시에, 바나나브레드, 두바이 쫀득쿠키가 들어와요.
말차라떼, 딸기라떼 그리고 예천 사과농장과 협업하여 만든 독일식 탄산 사과주스 애플숄레까지 달달한 하루를 책임질 로스터리 카페 입점!",서울 강남구 압구정로34길 51 1층 102호,37.5245652,127.0306466,,"카페,디저트",,,
42,1,,에이쓰리바우트커피,"에이쓰리커피집은 원두 커피 전문점입니다. 커피 종합 전문업체인(주)에이쓰리바우트커피의 본사 매장입니다. 이 매장에서 모든 지점과 전국의 납품 카페의 원두가 생산되고 있습니다. (주)에이쓰리바우트커피는 커피 원산지로 부터 직접 무역 수입하고 유통하는 전문성을 지니고 있습니다. 저렴한 가격에 다양한 원두, 블렌딩을 즐기실 수 있습니다.",서울 강남구 강남대로154길 19 지층 에이쓰리바우트 커피,37.5179592,127.0207335,02-704-0701,카페,,,
43,1,,성수동대림창고갤러리,"*주차안내
1.유료 표기된 주차라인의 노상주차장
(점포,지정 표기된 주차라인은 주차불가)
2.한라시그마밸리 유료 지하주차장 이용",서울 성동구 성수이로 78,37.541736,127.0562429,0507-1390-9669,"카페,디저트",,,
44,1,,어페어커피,주차는 성수동2가1동 공영주차장 이용 부탁드립니다.,서울 성동구 성수이로6길 11 1층 어페어 커피,37.5366634,127.0550426,0507-1478-7012,"카페,디저트",,,
45,1,,스쿼럴,"저희 스쿼럴은 다람쥐가 예쁘고 실한 도토리, 밤 등의 각종열매와 씨앗을 모으듯 건강한 재료를 기반으로 개발한 다양한 음료와 귀여운 수제구움과자를 만들어 모아두었습니다. 스쿼럴에서는 직접 로스팅한 스페셜티커피와 블랜딩한 티를 메인음료로 여러가지 맛의 휘낭시에와 쿠키를 페어링하여 즐기실 수 있습니다. 도심 한복판, 싱그러운 나무들 사이에 자리잡은 귀엽고 안락한 저희 카페에서 편안하게 쉬어가세요.",서울 성동구 매봉길 2-1 스쿼럴 카페,37.5453208,127.0169397,070-4171-7729,"카페,디저트",,,
46,1,,스탠다드시스템,"줄서는 청담동 카페 커피맛집,
커피에 진심인 사람들이 찾아오는 서울의 숨은 아지트,
해외 여행자들이 찾아오는 로컬 명소.

- 블루리본 매거진, '좋은 커피와 훌륭한 호스피탈리티' 카페로 소개
- 국내/해외 잡지 (Vogue, 코리아헤럴드, 커피앤티, 일본25ansm, Cancam 등)

- 주차가능. 발렛주차 (골목 입구 청담골 앞)
골목 위로 10M앞. 매장 앞은 주차 불가. 건물 왼편에 입구가 있습니다.

< 스탠다드시스템 StandardSystem >

Higher Standard Soild System 을 슬로건으로 커피에 대한 높은 기준, 타협하지 않는 품질과 정교하고 섬세한 장인정신을 바탕으로 하이퀄리티 커피를 선보이는 스페셜티 커피 브랜드입니다. 나의 취향에 맞는 원두를 찾을 수 있는 <원두 취향 시스템> 을 제안합니다.

스탠다드시스템은 20년 커피 로스팅 회사 일산커피공장(ICF)에서 운영하는 프리미엄 브랜드입니다. 일산커피공장은 글로벌 커피 어워드 AICA, 국내 커피 어워드인 GCA, MOC 등에서 로스팅 부문 5관왕을 수상하며 오랜 장인정신과 기술력, 품질로 인정받고 있습니다.

<쇼룸 소개>

커피로 더 나은 삶을 추구하는 커피에 진심인 커피 애호가 분들을 위한 조용하고 밀도 있는 공간입니다. 어지러운 도심에서 잠시 벗어나 나의 취향과 맞는 커피를 탐색하고, 복잡한 생각을 잠시 내려놓고 최대한 커피 외 요소는 배제한 커피를 가는 소리, 향, 시각과 미각의 오감을 일깨우며 온전히 커피에 집중하는 일상 속 휴식을 즐길 수 있는 조용한 카페입니다.

내 취향을 찾을 수 있는 10종 이상의 다양한 원두와, 커피 전문가들이 연구하여 만든 최상의 맛의 에스프레소/핸드드립/시그니처 커피 메뉴를 즐길 수 있으며, 다양하고 입체적으로 커피를 경험할 수 있습니다.

르꼬르동블루 셰프와 협업한 좋은 재료와 섬세한 맛의 프리미엄 디저트가 준비되어 있습니다. 커피와 페어링하여 보다 풍부한 커피타임을 즐겨보시길 바랍니다.

-
청담카페, 압구정로데오카페, 압구정카페, 스페셜티 커피, 강남구청카페, 커피맛집, 카페맛집, 청담주차카페, 청담맛집, 청담핫플, 청담데이트카페, 조용한카페",서울 강남구 선릉로148길 48-5,37.5225773,127.0435695,0507-1493-1922,"카페,디저트",,,
47,1,,꿈꾸다917,,서울 광진구 아차산로31길 15,37.541792,127.0694931,0507-1309-0917,"카페,디저트",,,
48,1,,복식커피,복식커피입니다. 동네 마실 나오신 분들부터 성수동 카페투어 오시는 분들까지 모두 환영합니다!,서울 성동구 성덕정3길 7-1 1층,37.5396705,127.0474732,0507-1308-2671,"카페,디저트",,,
49,1,,카페구들,"시골 할머니집의 따듯한 구들장 아랫목처럼 누구나 편안하고 포근한 공간에서 커피를 즐길 수 있기를 바라는 마음으로 2020년,구들은 시작 되었습니다.

구들커피로스터스는 누구나 편안하게 즐길 수 있는 커피가 되기를 바라는 마음으로 운영하고 있습니다.

저희가 직접 운영하는 카페구들에서 직접 손님들의 피드백과 반응을 살펴 로스팅에 보완하여 완성한 원두들입니다.

할머니의 시골집 구들장처럼 따듯한 추억이 가득한 커피가 되기를 바랍니다.

뚝섬한강공원 도보 5분 거리에 위치한
로스터리카페 카페구들은
스페셜티등급과 프리미엄 등급의 원두입니다.

스페셜티 싱글오리진 필터커피(핸드드립)와
시그니처커피 구들커피,황구라떼,오구오구커피,
흑임자라떼도 주문시 바로 크림 제조하여
크림의 질감과 풍미를 더해 커피와 밸런스가 조화롭습니다.

더운 날씨와 잘어울리는
여름 스페셜 메뉴 컵빙수인 흑빙구,망빙구로
한정 기간 메뉴로 시원한 여름을..

다양한 커피와 음료 그리고 직접 만든 수제 디저트와 함께 즐겨보세요.

*원두선택가능

-러셋블렌드-고소(스페셜등급)
-오렌지블렌드-산미(스페셜등급)
-디카페인(프리미엄등급)

*우유선택가능

-기본우유
-락토프리귀리우유
-아몬드브리즈

*원두판매중

200g,500g

-러셋블렌드
-오렌지블렌드
-디카프
(원두는 온라인 스마트스토어에서도 주문 가능합니다.)

카페구들_광진구 자양번영로3길4 1층.",서울 광진구 자양번영로3길 4 1층,37.5317626,127.0748847,0507-1471-3325,"카페,디저트",,,
50,1,,쿠프 커피 바,에스프레소 바 베이스로 스페셜티를 전개하는 카페입니다.,서울 강남구 압구정로 228 1층,37.5286791,127.0327472,,카페,,,
51,1,,윈스커피,"삼성역 코엑스 옆에 위치한 로스터리 카페 윈스커피에서는 직접 선별한 프리미엄 생두를 로스팅한 3가지 블렌드의 아메리카노 및 디카페인 커피를 즐기실 수 있습니다.

> 윈디시티 블렌드 - 부드럽고 고소한 커피
> 원더랜드 블렌드 - 마일드한 산미가 느껴지는 커피
> 팜트리 블렌드 - 진하고 다크한 커피

또한, 최상급 원재료로 정성스럽게 만든 시그니처 수제 음료와 신선하고 건강한 재료로 만든 그릭요거트, 그래놀라 및 다양한 디저트도 함께 즐겨보세요.

- 윈스커피에서 만날 수 있는 특별한 메뉴 -

>직접 로스팅한 3가지 다른 컨셉의 아메리카노와 디카페인 커피

>유기농 오트우유와 수제 연유를 베이스로 만든 윈스 라떼

>마다가스카르산 최상의 바닐라빈으로 만들어 부드럽고 깊은 맛이 돋보이는 바닐라빈 라떼

>매장에서 직접 만든 땅콩 크림이 라떼 위에 올려져 고소하고 달달한 피넛슈페너

> 코코아 100% 발로나를 베이스로 만든 진한 수제 초코시럽의 깊은 풍미가 느껴지는 카페 모카와 초코라떼

>꾸덕하고 고소한 요거트에 수제 그래놀라와 신선한 과일이 듬뿍 올라간 그릭요거트

>100% 유기농 오트밀과 프리미엄 견과류 그리고 캐나다산 메이플시럽으로 매장에서 직접 만든 그래놀라

>신선한 과일과 수제 그래놀라를 듬뿍 담은 슈퍼푸드 아사이볼

>좋은 재료로 정성을 담아 구워낸 프리미엄 휘낭시에와 수제 쿠키

-윈스커피 주소-

서울시 강남구 테헤란로 83길 18

1) 코엑스에서 오시는길
코엑스 도심공항터미널 쪽으로 나오셔서 도보 4분거리!

2) 삼성역에서 오시는길
삼성역 5번 출구에서 400m 직진 후 NC타워 차움검진센터에서 우회전 후
90m 앞

3)선릉역에서 오시는길
선릉역 10번출구에서 약 750m 직진 후 Wework 빌딩에서 좌회전 후
90m 앞

4) 봉은사에서 오시는길
도심공항 방면으로 500m 직진 하신 후 유리 앤 호텔에서 좌회전 하신 후 60m 앞

-윈스커피 스토리-

WYN은 고대 유럽에서 알파벳 W를 상징하였고, 이는 승리(Win), 지혜(Wisdom), 부(Wealth)를 의미하는 긍정의 기호이자 삶의 아름다운 가치들이 담겨져 있었습니다.
긍정의 마음을 담은 삼성역 카페 윈스커피는, 좋은 재료에 진심을 담아 맛있는 음료와 디저트를 전해 드리기 위해 7년 동안 변함없는 마음을 지켜오고 있습니다.

모던하면서도 아늑한 분위기의 삼성동 로스터리 카페, 윈스커피.
정성스레 준비한 음료와 디저트를 즐기시며 연인, 친구, 가족과 함께 행복한 시간을 보내보세요 :)",서울 강남구 테헤란로83길 18 1층,37.5086385,127.0576622,070-8863-0763,"카페,디저트",,,
52,1,,아임뮤트로스터리,"저희는 좋은 커피를 친근하게 소개하고 싶습니다
We want to introduce good coffee in a friendly way

저희로 하여금 커피가 과일이라는 것을 느끼게 되신다면 좋겠습니다
It would be wownderful if we could make you feel that coffee is a fruit

저희는 커피가 가진 연결의 힘을 믿습니다
We believe in the power of connection that coffee brings

쓸모있는 불편함이 안정을 찾아주는 순간, 저희커피가 생각났으면 좋겠습니다
We hope that in those moments when useful discomfort leads to stability
our coffee comes to your mind

오늘도 이렇게 인사드릴 수 있음에 감사합니다
Thank you for letting me greet you again today",서울 강남구 도산대로8길 9 지상1층,37.5164071,127.0223026,0507-1340-5942,"카페,디저트",,,
53,1,,커피휘엘,"커피휘엘(COFFEE FIEL)은 오랜 커피 연구와 개발에 매진하며 쌓아온 오랜 경험과 노하우를 반영해 선보이는 국내 최고의 스페셜티커피 전문점입니다. 매 시즌 다양한 산지별로 맛볼 수 있는 스페셜티커피와 함께 매장에서 직접만든 디저트들로 더 맛있는 스페셜티커피를 즐겨보세요! FIEL은 스페인어로 '충실한, 성실한' 이라는 의미로, 최고의 커피를 만들기 위해 생두와 커피 개발에 노력하고 있는 커피휘엘의 다짐을 나타냅니다.

매장에서 직접 로스팅한 신선한 커피를 맛볼 수 있으며 전문 파티쉐가 만든 다양한 디저트를 즐길 수 있습니다.
또한 로스터가 블렌딩한 최상급 원두 구매가 가능합니다. 넓은 실내 공간과 야외 테라스, 주차장이 마련되어 있습니다.",서울 강남구 논현로149길 62,37.5170173,127.0236569,0507-1407-8138,"카페,디저트",,,
54,1,,브라이언스커피 현대백화점 무역센터,,서울 강남구 테헤란로 517 본관 지하1층,37.5088655,127.0595247,,"카페,디저트",,,
55,1,,만랩커피 삼성1호점,"10000LAB COFFEE는 평범함을 거부하는 임팩트 있는 심벌과 슬로건을 통해 일상에 지친 사람들에게 브랜드크레이티브와 커피의 진정성을 센스 있게 어필하면서 큰 인기를 끌고 있습니다. 

10000LAB COFFEE의 심벌은 지친 뇌에 스페셜한 커피를 부어 뇌를 깨운다라는 의미를 가지고 있습니다. 이런 심벌의 의미는 brain needs special coffee 슬로건과도 일맥상통하며 차별화 된 브랜드 이미지와 컨셉을 구축하고 있습니다. 이러한 브랜드 스토리는 일상에 지친 소비자들에게 한번 보면 절대 잊혀지지 않는 임팩트를 선사하며, 최근 상승세를 타고 있는 매출에 큰 몫을 담당하고 있습니다.

이런 브랜드 스토리와 더불어 10000LAB COFFEE의 또 다른 매력은 바로 커피에 대한 진정성입니다. 국내 업계에서는 최초로 파격적인 BIG SIZE - SPECIALTY COFFEE프로모션을 진행하기 때문입니다. 경쟁 커피 브랜드들이 제공하는 일반 아메리카노 가격과 비슷하거나 오히려 더 합리적인 가격으로 스페셜티커피를 제공한다는것은 10000LAB COFFEE만의 자체적이고 특별한 인프라를 구축하고 있기 때문에 가능합니다.",서울 강남구 영동대로106길 33 104호,37.5141583,127.0639247,0507-2093-8512,카페,,,
56,1,,키헤이커피,"'키헤이' 하와이 마우이섬 남서부 해안의 작은 마을. 햇빛이 가장 찬란하고 해변의 모래는 보석처럼 반짝이는 곳. 파란 바다가 주는 설렘, 눈부시게 아름다운 자연과 낭만의 노랫소리가 들려오는 곳.

추억은 인생을 살아가는데 큰 선물이자 용기를 가져다준다. 키헤이커피는 단순한 카페가 아닌, 좋은 기억으로 남아 어느 날 불현듯 생각나는 추억을 선물하는 곳이다. 그렇기에 찾았던 그곳의 이름을 그대로 빌려왔다.",서울 강남구 봉은사로78길 15 1층 101호 재정빌딩,37.5118227,127.0531308,0507-1469-1252,"카페,디저트",,,
57,1,,토다 베이글 본점,"TODAH 는 히브리어로 감사하다는 뜻입니다. 토다는 2016년 모든 것에 감사하는 마음에서 시작했습니다. TODAH BAGEL은 쫄깃하고 씹을 수록 단맛이 나는 정통 뉴욕식 베이글을 추구하고 있으며, 건강하고 품질 좋은 원재료로 고객님들께 보답하겠습니다.",서울 서초구 성촌6길 39,37.4675311,127.0226535,0507-1420-5401,베이글,,,
58,1,,코어커피스탠드 본점,"우리가 좋아하는, 사랑하는 커피를 소개하고,
그커피와 페어링이 좋은 핸드메이드 바나나푸딩과쿠키를 매일 직접 반죽 숙성하고 만듭니다.

우리의 Coeur(진심)은 처음부터 끝까지 커피 입니다. 우리의 진심이 당신의 마음에 닿아 작은
즐거움이 되길, 하루의 작은 따뜻함이되길
진심으로 소망합니다.
함께해주셔서 고맙습니다.

Coeur, to be our Core.
코어가 우리 모두의 중심이 되기를 바라며.",서울 서초구 서초중앙로22길 40 1층 코어커피스탠드,37.493254,127.0161475,0507-1366-4908,"카페,디저트",,,
59,1,,옵션스페셜티커피 방배점,"1. 주차조건 : 영수증 지참 시 30분 무료
2. 주차요금 : 30분 이후 10분 당 1,000원 추가
3. 주차장 위치 : 건물 옆 주차타워",서울 서초구 효령로 120 1층,37.4811578,126.9973748,0507-0289-3444,"카페,디저트",,,
60,1,,사운즈커피 법원교대역점,,서울 서초구 서초대로51길 16 1층,37.4953605,127.0143354,,"카페,디저트",,,
61,1,,Three of Cups,"전문 바리스타가 직접 로스팅하는 로스터리카페입니다.
로스팅되는 원두는 모두 판매 가능합니다.
더치커피는 수제 핸드드립더치로 2-3일전에 미리 예약주시면 단체주문 가능합니다.",서울 서초구 서초대로74길 45 엔데버타워 1층,37.4936934,127.0281248,0507-1356-8618,"카페,디저트",,,
62,1,,스터닝 커피 로스터스,"* 주차 공간은 카페 바로 옆에 있습니다.
@stunningcoffeeroasters 인스타그램을 통해 자세한 공지사항들을 확인하실 수 있습니다!:)",서울 서초구 서초대로65길 13-18 1층,37.4972236,127.0185767,070-8872-1717,카페,,,
63,1,,커피스니퍼 신세계백화점 강남점,"깊이 있는 브랜드 경험을 제공하기 위해 클래식을 주제로 기획했습니다. 브랜드 스토리에서 영감을 받은 탐정 사무소 콘셉트, 정교하게 설계된 커피 메뉴, 그리고 바리스타의 전문성이 더해진 섬세한 서비스가 조화를 이루어 클래식의 깊이와 현대적인 감각을 동시에 전달합니다.

커피를 좋아하는 모든 사람들이 쉽고 편안하게 즐길 수 있는 커피 문화를 중심으로 성장 목표를 두고 있습니다. 커피 스니퍼에 방문하시는 분들이 역사 속에 담겨있는 커피 스니퍼를 시각적으로 즐길 수 있는 인테리어 포인트, 커피 중심의 메뉴 구성 등을 기반으로 어우러진 음악과 함께 오감을 만족시킬 수 있는 분위기를 조성합니다.",서울 서초구 신반포로 176 신세계백화점 강남점 지하1층,37.5046933,127.0042676,0507-1433-2364,카페,,,
64,1,,카페모호,"손님들의 하루하루에 작은 일부가 되고 싶은 스페셜티 커피 브랜드 모호입니다!

매일 마셔도 질리지 않는 커피를 좋아하고, 클린하면서도 여운이 오래가는 깊은 맛의 커피를 추구하고 있어요.

저희는 아름다운 동네를 일구는 것에 관심이 많아요. 손님들과는 안부를 편안하게 물으며 지내고 있고요. 너무 곤두서있지 않은, 안되는 것보다는 되는 게 많은, 유연하고 일상적인 저자극의 커피 공간입니다.

오늘도 내일도, 커피-손님-음악-날씨-우리의 표정까지 모두 어우러진 완벽한 하루를 꿈꾸어 봅니다.

그리고 모호는 공정하고 지속가능한 방식으로 생산된 공정무역 제품들을 소개하고 판매하는 공정무역 가게이기도 합니다.
일상의 작은 선택이지만 매일의 소비가 더 나은 방향으로 이어질 수 있다고 믿어요!",서울 서초구 양재천로7길 1 1층,37.4743129,127.0361179,,"카페,디저트",,,
65,1,,커피웍스유니온,"커피에 관한 모든 일들이 모여있는 이 곳.
커피 웍스 유니온.
97년의 역사를 가진 일본 고노 사이폰의 직화 로스팅 방식으로 볶은 깊고 풍부한 커피를 만날 수 있는 공간입니다.
커피교실, 머신수리 및 판매, 카페컨설팅, 원두납품 및 판매, 그리고 카페.
좋은 사람들이 모이는 곳 (이상하게 미인들만 모이는...)
맛있는 커피는 기본,

원래2월 초반 예정이었던 토스트와 아침커피 메뉴는 당분간 개인사정으로 인하여 잠시 중단하게 되었습니다. 불편을 드려 죄송합니다.

아침메뉴는 4월부터 다시 시작됩니다.
4월부터는 아침에 오픈할 예정이니 고객분들의 많은사랑 부탁드립니다.",서울 서초구 강남대로30길 57 1층,37.4826464,127.0403369,0507-1407-7946,"카페,디저트",,,
66,1,,브론즈밀,"매일 아침 만들어지는 신선한 샌드위치 와 다양한 빵들이 준비되어 있어요.
휘낭시에 선물세트 포장 가능 . 단체 주문 가능합니다.",서울 서초구 논현로5길 38 1층 102호 브론즈밀(베이커리 카페),37.4715157,127.0479987,02-576-4211,"카페,디저트",,,
67,1,,헤이노커피,"안녕하세요, 헤이노커피 입니다.
헤이노커피는 SCA국제커피협회 강사진이
운영하는 납품 전문 브랜드입니다

홀 좌석 이용가능하며
최대 8인 수용가능한 룸이 완비되어 있습니다.

<수제 에그타르트>
반죽부터 필링까지 수제로 만드는 에그타르트를
매일 한정판매 하고 있습니다
<무료 시음>
홈카페, 사무실, 선물용 원두와 더치커피를 판매하고 있습니다
전화 예약 후 방문 시 다양한 종류의 원두를 무료 시음 후 구매 가능합니다
(3시 이후)

<매장 서비스>
매장 이용 시 더 나은 서비스를 위해 500원을 추가로 받고 있습니다
커피류는 리필이 가능하며, 테이블에 비치된 초콜릿을 편하게 이용하실 수 있습니다

<시그니처 메뉴>
양재동 매장에서는 시그니처 메뉴인
니트로커피와 더치커피 4종이 준비되어 있습니다.
니트로커피는 질소가스를 이용해 흑맥주 같은 부드러움 목넘김을 즐기실 수 있으며 더치커피는 타사 더치와는 차원이 다른 농도의 진함을 맛보실 수 있습니다

<원두>
매장에서 사용하는 원두는
실제 납품중인 프리미엄 원두로 내린 커피를 합리적인 가격에 맛보실 수 있습니다 :)

<원두 납품>
강남&서초권을 시작으로 경기,충청,부산 등
전 지역 핫플 카페, 기업, 바 등으로 납품 중이며
대중적이고 합리적인 가격의 원두부터
타 매장과 차별화된 원두까지 준비되어 있습니다
납품 문의는
연락주시면 친절한 상담 도와드리겠습니다 :)",서울 서초구 강남대로6길 65-3 B1층,37.4685794,127.0440177,0507-1437-3705,"카페,디저트",,,
68,1,,피그커피 양재점,"일상에서 편안하게 즐길수 있는 커피 그리고 디저트를 판매하고 있습니다. 질좋은 커피, 친절한 서비스, 좋은음악을 많은분들에게 제공을 할수있도록 노력하고있습니다. 좌석이나 공간이 작아 편안하지는 않지만 많은 분들이 방문해주심에 오늘도 열심히 커피를 내리고 음료를 제조하고 베이킹을합니다. 매일 고객님들에게 우리의 커피한잔이 큰 힘이 되길 기원합니다.

피그커피는 생두 선별부터 로스팅까지, 디저트도 모두 직접 만들고 있습니다. 좋은 재료를 아낌없이 활용하여 합리적인 가격으로 즐길수 있도록 노력하는 피그커피입니다.

- 아메리카노 - 두가지 원두 선택가능
 * 메들리 블렌딩 ( 고소한 향미와 부드러운 단맛과 산미가 조화롭습니다.)
[브라질,과테말라,콜롬비아]
 * 센터피스 블렌딩 (매달 생두를 선별하여 시즌별로 바뀌고 있습니다)
[에티오피아 네추럴,에티오피아 워시드]

-교대점 / 양재점 디카페인 원두 선택 가능
* 디카페인 (슈거케인 공법으로 천연 용매를 사용하여 카페인을 제거 합니다)
[콜롬비아 원두]

그외 흔한 메뉴들이지만 피그커피만으로 해석된 다양한 음료들이 있습니다. 많은 방문 부탁드립니다.",서울 서초구 논현로 71 1층 102호,37.4762943,127.0456327,0507-1350-9226,"카페,디저트",,,
69,1,,착형 양재점,사람이 사람에게 줄 수 있는 향기와 여유를 착한 형제가 나눠드립니다.,서울 서초구 논현로 83 지하1층 112-1 착형,37.4772335,127.0444746,,카페,,,
70,1,,인텔리젠시아커피 강남,"인텔리젠시아가 강남 신세계에서 새로운 발걸음을 내딛었습니다.
최고의 커피 경험을 더욱 가까이에서 만나보세요!

>농장에서 컵까지, 품질과 투명성의 여정
>스페셜티 커피의 정수를 담은 한 잔
>강남의 중심에서 즐기는 인텔리젠시아의 감성",서울 서초구 신반포로 176 지하1층,37.5047056,127.0036039,0507-1451-1309,카페,,,
71,1,,공간커피,"공간커피는 건축설계/인테리어디자인 하우스테라피에서 기획, 운영하는 하이엔드 스페셜티 커피 전문점으로, 핸드드립과 에스프레소 머신을 활용해 최고의 커피를 선보이고자 합니다. 단순한 음료 판매를 넘어, 고객에게 진정한 커피 경험을 제공하는 공간을 만들어 가고 있습니다.

19년간 로스팅을 해온 헤드 디렉터와 다년간 공간을 설계한 디자이너가 만나 공간의 감성과 공감에 최적화된 원두를 큐레이션하였습니다.

아름다운 형태와 비례로 만든 카페 공간에서
감성, 공감의 커피 경험을 할 수 있도록 설계 하였습니다.
직화 로스팅된 스페셜티 원두를 공간커피의 드립방법으로 추출한
건강한 커피를 다양하게 즐기실 수 있습니다.",서울 서초구 반포대로 287 지하1층 B13호,37.5043414,127.0010992,0507-1303-6253,카페,,,
72,1,,모은커피,"스페셜티커피를 내리고, 소개합니다.",서울 서초구 사평대로53길 41 1층 103호,37.5061331,127.0210803,0507-1487-5636,카페,,,
73,1,,어딕티브,"'ADDICTIVE'
라는 단어가 가진 뜻 그대로 중독성있는 커피와 음료,
그리고 세련된 감성의 분위기를 가진 카페입니다.
신라호텔과 호주 바리스타 출신의 라떼아트와 핸드드립 장인인 사장이 호주와 한국의 커피 스타일을 잘 고려하여 고객님들의 기호에 맞는 스페셜티 커피를 제공하고 있습니다.
1인 매장이어서 주문이 몰리는 시간에는 시간이 좀 걸릴 수 있지만 그만큼 정성껏 준비해드리겠습니다!!

English & 日本語 OK!!

Award
2024 KTBC 팀바리스타 챔피언쉽 우승
2024 K Cafe 챔피언쉽 파이널리스트
2024 KCIGS 국가대표선발전 8위
2023 GCC 글로벌 커피 챔피언쉽 Champion
2023 한국 전통주 칵테일 챔피언쉽 2위
2022 CBT 커피 브루잉 토너먼트 2위
2021 WLAB 월드 라떼아트 배틀 Top8
2021 MOB 마스터 오브 브루잉 Finalist
2021 Alpro 알프로 라떼아트 챔피언쉽 Finalist
2020 KLAC 라떼아트 국가대표 선발전 Visual Judge
2020 Black pitcher 라떼아트 컴피티션 3위
2020 Latte Art Throwdown 3위
2019 Korea Coffee Tournament Unique Prize",서울 서초구 주흥길 64-17 102호,37.5089806,127.0194117,,양식,,,
74,1,,더비너브로,신논현역 근처 넓고 쾌적한 커피맛집,서울 서초구 강남대로79길 42 성미빌딩 1층 카페 더비너브로,37.5044574,127.0218872,02-3484-3284,"카페,디저트",,,
75,1,,지오씨커피 문정테라타워점,"커피프랜차이즈 , 스페셜티커피전문점, 아인슈페너맛집

Good Life, Good Day, Good Coffee

일상 속 작은 여유 한 잔.
GOC 커피는 오직 당신을 위해서 준비합니다.

오직 맛있는 커피를 위해서 GOC 커피는 상위 3% 스페셜티 원두만 고집했습니다.
자체 로스팅 후 블렌딩을 통해 원두 본연의 풍미를 최대한 이끌어냈습니다.
두 가지 블렌딩과 디카페인 원두까지.
언제나 GOC 커피를 즐기세요!",서울 송파구 송파대로 167 A동 지하1층 G109호,37.4848354,127.1210395,0507-0288-7022,카페,,,
76,1,,위딘커피 Within Coffee,"커피바&로스터리 입니다

평범한 동네 골목에서 평범하지 않은 커피를 합니다

대부분의 공지는 인스타그램을 통해 올리니 인스타그램을 참고해 주시고, 문의 및 연락 또한 DM으로 부탁드립니다",서울 송파구 가락로17길 4-9 1층,37.5027434,127.1107963,0507-1374-3075,카페,,,
77,1,,하우스서울,"1층은 스페셜티커피 카페, 지하는 갤러리와 카페가 어우러지는 곳입니다. HOWS는 도심 속 문화와 디자인, 그 소통의 힘을 전하겠습니다.",서울 송파구 백제고분로9길 5,37.5093451,127.0796243,0507-1303-6683,카페,,,
78,1,,인텔리젠시아커피 잠실,,서울 송파구 올림픽로 300 롯데월드몰 5층,37.5138975,127.1037942,0507-1327-4572,"카페,디저트",,,
79,1,,원유로 스페셜티 송파 방이역점,"원유로 스페셜티 커피는 CQI (미국 커피 품질 학회)에서
가장 높은 평점을 받은 프리미엄 생두를 사용하여
국내 대형 로스팅 LAB에서 직접 로스팅을 하고 있습니다.
매일매일 최고의 세팅을 잡아 깊은 맛과 깔끔한 맛을 선사합니다.

<<단체 주문 가능 문의 전화주시면 감사드립니다>>",서울 송파구 양재대로 1148 1층 101호 원유로 스페셜티 커피,37.5096674,127.1274879,0507-2093-9091,"카페,디저트",,,
80,1,,선호커피,"선호커피 1호점 입니다

0. 원두 납품(도/소매)
1. 에스프레소
2. 브루잉
3. 콜드브루

애호가 부터 초심자 까지 다양한 커피 선호에서 경험해보세요",서울 송파구 송이로2길 4 1층 선호커피,37.5040419,127.1145738,0507-1468-1465,카페,,,
81,1,,카프하우스,"know about flavor, kafHAUS.

카프하우스는 40년 된 빨간 벽돌 주택을 개조해 탄생한, 조용하지만 개성과 온기가 깃든 공간이며, 재료 본연의 맛을 최대한 살린 오가닉한 과정을 소중히 여깁니다.

RECEPTION 의 TONE 블렌드(Peru, Ethiopia)를 활용한 에스프레소 기반 메뉴와 함께, 덴마크의 Coffee Collective, 노르웨이의 Tim Wendelboe, 핀란드의 Frukt 등 북유럽 로스터리들의 접근을 소개하며 맑고 섬세한 풍미가 돋보이는 푸어오버 커피를 선보입니다.
(로스터리와 산지 라인업은 변동 될 수 있으며, 내용은 인스타그램과 소식란을 통해 확인 하실 수 있습니다.)

또한 덴마크의 A.C. 퍼치스 티핸들의 블렌딩 티와 시즈널 논커피 메뉴, 그리고 색다르지만 과하지 않은 디저트를 준비했습니다.

조용히 머무는 동안, 재료가 들려주는 진짜 맛과 향을 발견해 보세요.","서울 송파구 백제고분로45길 21-7 지하1, 1, 2층",37.5097106,127.1090531,0507-1372-7504,카페,,,
82,1,,로스터리젠,,서울 강남구 테헤란로 624 1층,37.5093838,127.0659011,,"카페,디저트",,,
83,1,,가배장이 롯데백화점 잠실점 캐슬플라자,"/맛있는 커피를 합니다./
가배장이는 커피를 좋아하는 사람들이 모여 만든 커피회사입니다.
커피를 뜻하는 '가배'와 기술자를 뜻하는 '장이'가 합쳐진 말로, '커피 기술자'를 의미합니다.

저희는 '어떻게 하면 좀 더 맛있는 커피를 만들 수 있을까'를 생각합니다.
이런 생각이 행동으로 이어지고, 그 행동이 커피에 담기고 있습니다.

첫 번째 행동은 좋은 재료를 사용하는 것입니다.
좋은 재료를 사용하는 것은 선택이 아니라 원칙입니다.
두 번째 행동은 좋은 재료를 가지고 맛있게 요리하는 것입니다.
저희가 가장 예민해지는 과정인 동시에 즐거워하는 과정입니다.
가배장이만의 로스팅기술과 추출기술로 커피를 만듭니다.

적어도 하루에 한 잔을 마시는 여러분들의 커피가,
하루의 고단함을 떨쳐내기 위해 마시는 커피가,
휴식을 위해 마시는 커피가,
갈증을 해소하기 위해 마시는 커피가,
맛있기를 바랍니다.

여러분들의 커피가 맛있기를 바랍니다.
맛있는 커피를 합니다, 가배장이",서울 송파구 올림픽로 269 캐슬플라자 2층,37.5145177,127.1005925,02-2146-2259,"카페,디저트",,,
84,1,,콩당콩당,"콩당콩당은 직접 볶은 신선한 원두를 한잔 한잔 손으로 내리는 슬로우 커피 전문점입니다.
내가 내린 커피를 소중한 사람들과 함께 하는 기쁨을 느낄 수 있도록 커피 클래스도 준비되어 있습니다.

*
커피 클래스 시간에는 잠시 주문을 쉬어갑니다. 발걸음 해주신 분께 불편을 드려 죄송하지만,
한 잔 한 잔 정성을 다해 대접해 드리고자 하는 마음으로 내린 결정이오니 너른 이해 부탁드리겠습니다.
메뉴 주문 가능 시간 화~토 오후 12:30 - 오후 5:00 (일,월 휴무)",서울 송파구 올림픽로4길 17 아시아선수촌아파트 C상가 2층,37.5088517,127.0767135,0507-1415-1214,카페,,,
85,1,,카페르뽀,"로스터리 카페입니다
최상의 원두를 선별하여 최고의 맛을 자부 합니다
원두부터 디저트 모든 메뉴를 직접 만들어서 판매합니다",서울 송파구 삼전로13길 54-1 1층,37.5077932,127.0843241,0507-1336-4027,"카페,디저트",,,
86,1,,마크커피,"COE농장, 마이크로랏, 스페셜티 등급의 생두를 직접 선별하여 로스팅 합니다.
 다양한 필터커피 라인업이 준비되어 있으며 디저트도 직접 만듭니다.",서울 강남구 도곡로99길 23 1층 마크커피,37.5021396,127.0655102,,카페,,,
87,1,,쿼터,"재즈, 클래식,보사노바 등의
음악을 들으실 수 있습니다,",서울 마포구 포은로 43-1 1층,37.5513565,126.9070066,0507-1321-2874,카페,,,
88,1,,파스텔커피웍스 본점,"PASTEL COFFEE WORKS

파스텔커피웍스는 로스팅, 추출, 커피전문가들이
모여 만든 커피 전문 브랜드입니다.

우리는 커피를 통해서 향기로운 도시를 만듭니다.

전 세계의 신선하고 다채로운 커피를
당신의 향기로운 커피 라이프를 위해 제공합니다.

좋은 사람들과 좋은 커피는 좋은 기억을 만듭니다.
기억에 남는 커피, 우리는 파스텔커피웍스입니다.

PASTEL COFFEE WORKS
원두납품문의 Tel. 02-3141-1229

58, Seongji-gil, Mapo-gu, Seoul, Republic of Korea (04083)","서울 마포구 성지길 58 1층, 지하1층",37.5462574,126.9126531,02-322-7549,"카페,디저트",,,
89,1,,에포크,,서울 마포구 독막로 17-1 에포크,37.5486926,126.9155216,0507-1457-0086,카페,,,
90,1,,베가본즈커피,"반갑습니다 게스트 여러분, 2024년 10월 합정에 문을 연 베가본즈커피입니다.

  베가본즈커피는 합정동 하늘길 골목 끝 언덕에 위치한 작은 커피로스터리입니다. 원형의 심볼은 이 땅의 모든 방랑(放浪)자, 이방인들이 환영받는 도심 속 피난처라는 의미를 담고 있습니다. 카페의 궁극적 가치는 국경을 넘어 마주치는 모두를 환대와 정(情)으로 맞이하여 반갑고 행복한 감정을 서로 나누는 데 있습니다. 정성스레 내린 필터커피가 바리스타와 게스트 사이의 벽을 허물고, 강렬하고 특색있는 에스프레소가 여러분들의 하루에 또다른 활력소가 되기를 바랍니다.

  베가본즈커피는 직접 생두를 선별하고 로스팅하여 다양한 커피를 소개합니다. 스페셜티커피 또는 '제3의 물결' 속 커피를 지향하면서도 원두 시향부터 향미에 대한 설명을 통해 게스트분들의 취향에 맞는 다양한 원두를 추천드리고 있습니다.

  베가본즈커피에서는 커피 본연의 맛과 문화를 즐기는데 탁월한 필터커피(드립커피/핸드드립)를 주로 다루며 에스프레소, 화이트, 그리고 마차/호지차밀크와 같은 논커피 메뉴들 또한 준비되어 있습니다. 여러 주류와 계절에 어울리는 재료를 사용한 특색있는 메뉴들을 선보이며 음료와 같이 페어로 즐기실 수 있는 홈메이드 파이 및 디저트도 직접 만들고 있으니 언제든지 편하게 방문하셔서 여유로운 커피브레이크를 즐기시길 바랍니다.

베가본즈커피를 찾아주신, 아직은 낮선 여러분 모두를 진심으로 환영합니다!!

- 대관, 원두납품, 커핑, 세미나, 창업교육 등 매장운영 이외에 궁금하신 사항은 네이버톡톡, 인스타그램 DM을 통해 문의주시면 감사하겠습니다.

Greetings dear guests, this is VAGABONDS COFFEE newly opening in early October 2024.

  VAGABONDS COFFEE is a coffee roastery located at the small alley in Hapjeong-dong. Circular logo stands for a refuge that welcomes all the outlanders and wanderers in the world. Our vision is to share warm and happy emotions among all the people across the borders through true hospitality and Jeong(情). We wish our sincerely brewed filter coffee can make the distance between barista and guest closer, and our strong and characteristic espresso can give you delightful energy.

  VAGABONDS COFFEE is a place to produce coffee with finely selected greenbeans, and introduce them to visitors. We handle what's called Specialty Coffee or 'The 3rd Wave' coffee. However we pin-point our guests' personal taste and pick the right coffee so that they can fully enjoy a cup of coffee without further hesitance.

Here we mainly deal with filter coffee, but you can also enjoy espresso(with milk) and non-coffee beverages as well. There will be a few homemade desserts to pair with too. We wish you have a wonderful moment at VAGABONDS COFFEE.

Welcome strangers, with all our heart and gratitude!!",서울 마포구 토정로 28-9 1층,37.5451132,126.9143388,0507-1402-3290,"카페,디저트",,,
91,1,,필름인필터,"반갑습니다. 필름인필터입니다.
저희 필름인필터는 사진과 커피가 함께하는 공간입니다.
여러분들께 저희의 공간을 소개합니다.

우선 바 테이블은 무대에서 착안하여 둥근 형태를 띄고 있습니다.
바 테이블에 앉으시면 차례대로 보이는 탬핑존, 머신존에 단차를 두어
음료가 만들어지는 모든 동선과 과정을 지켜보실 수 있습니다.

홀에는 크게 3군데의 좌석이 있습니다.
편하게 앉아 휴식의 취할 수 있는 소파 자리와
매장 가운데에서 모든 곳을 지켜볼 수 있는 원형 테이블.
사각 프레임 안에 가지런히 자리잡은 대형 테이블이 있습니다.

대형테이블은 고객님들이 섞여 앉으실 수 있게 마련한 자리이며,
단체석으로써는 최소 6인에서 8인까지 이용가능합니다.

작은 책장에는 매장에 계시는 동안 보실 수 있는 사진서적들이 준비되어 있으며,
나가실때에 용모를 다듬으실 수 있는 필름모양의 거울도 준비되어 있습니다.

별도의 공간으로 스튜디오가 함께 있습니다.
1시간 단위로 이용가능한 셀프 스튜디오로 운영중이며,
컬러, 흑백, 필름 3가지 색감보정 중 1개 선택하여 촬영가능합니다.

늘 마시는 커피고, 늘 찍는 사진이지만
수많은 매장 가운데에 저희를 선택하여 방문해주시는 소중함을 잊지 않으려고 합니다.
여러분이 이 곳에 들어오실때 부터 나가는 순간까지의 시간을 담아주셔서 감사합니다.
저희는 여러분의 순간을 발견하고, 하루를 내립니다.",서울 마포구 월드컵로3길 31-32 2층,37.5497919,126.9109382,0507-1418-1576,"카페,디저트",,,
92,1,,합정카페,안녕하세요. 합정카페는 상위 7%의 스페셜티 커피와 수제청과 디저트 좋은 재료를 사용합니다.,서울 마포구 월드컵로1길 48 1층,37.5492136,126.9103242,0507-1349-3937,"카페,디저트",,,
93,1,,손탁커피,"핸드드립 커피로 잘 알려져 있는 손탁커피입니다.
손탁커피는 이곳 망원-합정 이외에도 고양, 파주, 그리고 홍천에서 만나실 수 있습니다.

2012년 홍대에서 처음 시작한 손탁커피는 YG 사옥 앞, 그리고 현 문학동네 건물 자리에서 로스팅 공방을 운영하였고 지금은 망원과 합정이 경계되는 이곳에서 커피하고 있습니다.

손탁커피에는 꽃, 고집, 아버지, 신촌, 바다, 깊은밤, 겨울숲, 잘자 총 8개의 다양한 원두가 준비되어 있습니다. 이곳 망원-합정점에서는 커피숙성 이라는 주제로 2024년 여름부터 준비 중인데 2025년 봄에 출시 예정입니다.

핸드드립으로만 커피를 생산하는 손탁커피는 카페오레(카페라떼)를 만들 때에도 손탁방식으로 진하게 추출하는 핸드드립 커피를 이용하였는데 2023년 '브루잉프레소'라는 신개념 액상농축원액을 만들어냈고 현재는 상표출원 및 특허진행중에 있습니다.

손탁커피 망원-합정점은 다른 손탁커피 지점과는 다르게 연구, 소통실 개념의 손탁커피이고 차손탁이 최대한 직접 공간을 운영하는 곳입니다. 때문에 주말 위주로 영업중이고, 차손탁 스케줄에 따라 변동사항이 잦습니다. 변동사항은 네이버 스마트플레이스, 또는 sns에서 알려드리겠습니다.",서울 마포구 동교로 60 1층 101호,37.5532071,126.9088996,0507-1323-6104,"카페,디저트",,,
94,1,,8810 커피컴퍼니,"각각의 길들은 다른 길들과 만나고 또 다른 어딘가의 길로 향합니다.

우리는 수많은 길 중, 88-10이라는 동네의 길 위에서부터 커피라는

이름의 길을 만들어보고자 '8810'이라는 이름을 지었습니다.

8810만의 길을 걷기 시작했으며, 커피를 통해 다양한 사람들과

소통하며 다양한 이야기의 길을 만들고자 합니다",서울 마포구 월드컵북로6길 88-10,37.5598745,126.9230376,0507-1351-7370,"카페,디저트",,,
95,1,,큐엔에이룸,"QnA ROOM (큐엔에이룸)은 일상적인 기능에 충실하면서도 예술적 가치가 공존하는 '감각적인 오브제'를 선보이는 QUOTT(쿠오뜨)의 쇼룸&전시장입니다. 기획부터 디자인, 제작까지 총괄하여 만든 제품들이 쿠오뜨의 모토인 '일상이 인용된다'라는 정체성을 가지고 다양하게 구현된 공간에 놓여 자연스럽게 경험 할 수 있도록 합니다.",서울 마포구 희우정로 82-1 2층,37.5532259,126.9034571,0507-1413-4253,"카페,디저트",,,
96,1,,센토브,"안녕하세요.
망원동 스페셜티 커피 브랜드 센토브 입니다.
로스팅과 핸드드립을 전문으로 다양한 스페셜티 커피를 선보이고 있으며, 커피뿐만 아니라 음료와 디저트까지 정성껏 만들고 있습니다.
센토브의 따뜻하고 차분한 분위기 속에서 편안한 휴식과 좋은 고객경험이 되기를 바랍니다.
감사합니다.",서울 마포구 희우정로 98 1층 센토브,37.5541375,126.902132,0507-1344-2648,카페,,,
97,1,,타티커피스,작은 마당과 스페셜티커피가 있는 마포구청역 근처 카페 디저트는 때때로 바뀌어요,서울 마포구 방울내로5길 42 1층 타티,37.5611476,126.9004122,0507-1390-2125,"카페,디저트",,,
98,1,,M1CT,"망원동 골목에 위치한 M1CT입니다.
단순함과 일상성을 공유할 수 있는 커피와 디저트 그리고 공간을 제공합니다.",서울 마포구 희우정로15길 13 1층,37.5534688,126.9016493,0507-1310-3127,"카페,디저트",,,
99,1,,파동 로스터리 카페,"'DROP THE WAVES, FILL THE CUP'

파동 로스터리 카페는
요동치는 일상 속, 잔잔한 물결처럼 당신의 컵에 온기를 전하고자 하는 마음을 담았습니다.

무수한 형태를 띄는 파동처럼 다채로운 커피 취향을 존중합니다.
시그니처 블렌딩과 스페셜티 커피 등
다양한 커피를 편안하게 경험하실 수 있도록 준비한 작은 공간입니다.",서울 마포구 희우정로20길 66 1층 파동 로스터리 카페,37.556062,126.9039416,070-7576-3876,"카페,디저트",,,
100,1,,카페클로이인패리스,"-카페 클로이 인 패리스 연남동 디저트 맛집

유럽 감성 가득한 공간, 직접 로스팅한 커피와 수제 케이크가 있는 연남동 카페

-유럽 주택 감성, 연남동 속 작은 파리

클로이는 유럽 여성의 이름에서 착안해 만들어졌으며, 유럽 가정집 같은 따뜻한 분위기에서 커피와 디저트를 즐길 수 있는 문화 공간입니다.
연남동 골목 안쪽에 위치한 아늑한 단독 주택형 카페로, 고요하고 편안한 분위기에서 힐링 타임을 보내기 좋습니다.

-직접 만든 디저트 & 귀여운 케이크

매일매일 정성스럽게 만드는 수제 케이크와 디저트는 클로이의 자랑입니다.
   -유럽식 홈베이킹 스타일의 케이크
   -계절 한정 디저트 상시 제공
   -포토제닉한 귀여운 케이크 디자인

디저트는 맛뿐만 아니라 비주얼까지 완벽해 SNS 인증샷 맛집으로도 인기입니다.

-직접 로스팅한 스페셜티 커피

클로이 인 패리스는 스페셜티 등급 생두를 직접 로스팅하여 신선하고 깊은 풍미의 커피를 제공합니다.
핸드드립 커피부터 다양한 라떼, 계절 음료까지 고루 갖춰 커피 애호가들에게도 만족도가 높습니다.

-데이트, 소모임, 혼카페 모두 추천
-조용하고 프라이빗한 분위기로 데이트 코스에 제격
-감성적인 인테리어로 인생샷 포인트 가득
-홍대입구역 도보 가능 거리로 접근성도 good

-매장 정보
   -주소: 서울특별시 마포구 연남동 239-20
   -영업시간: 매일 12:00 - 21:00 (변동 가능)
   -문의: 0507-1323-4666
   -인근 지하철: 홍대입구역 도보 약 5~7분 거리",서울 마포구 성미산로 190-3 2층,37.5627505,126.9261605,0507-1346-6626,"카페,디저트",,,
101,1,,샌드스톤커피랩,"[SANDSTONE COFEEE LAB]
- 모래가 쌓여서 단단한 돌이 되듯, 가치 있는 시간을 쌓아가는 곳 샌드스톤커피랩 입니다.

*로스터리 카페
*핸드드립 전문
*교육 및 원두 납품 문의 가능

<세가지 가치>
- Specialty coffee
 우리는 스페셜티 커피를 지향합니다.
하나의 씨앗이 한 잔의 커피가 되기까지의 노력이 온전히 전달 되도록 모든 과정에 정성을 다합니다.

- Coffee education
 우리는 성장의 시간을 함께 합니다.
개인의 노력이 결실을 맺고 성장에 이르기까지 각 과정을 함께 하며
교육을 진행합니다.

- Hospitality
 우리는 '가치 있는 시간' 과 '경험' 을 대접합니다.
한 분 한 분 과 눈을 맞추고, 존중하는 마음으로 편안하게 소통하며
정성껏 준비한 커피를 대접합니다.",서울 마포구 성미산로23안길 21 1층,37.5661351,126.9209405,02-6397-2445,"카페,디저트",,,
102,1,,미크 커피 로스터스,"안녕하세요. 미크 커피 로스터스 입니다!
미크는 매일 편안하게 마실 수 있는 커피 한 잔을 추구합니다.
저희가 가꾼 공간에서 맛있는 커피와 디저트로 조금이나마 마음의 위안을 받으신다면 좋겠습니다.

언제나 맛있는 커피가 생각난다면, 미크에서 만나요!",서울 마포구 성미산로29길 35-18 1층,37.5656624,126.9211764,0507-1323-8094,카페,,,
103,1,,커피 리브레 연남점,"커피리브레는 직접 생두를 수입하고 로스팅하는 스페셜티 커피 브랜드로, 2012년에 오픈한 연남점은 그 첫 번째 매장입니다. 좋은 커피는 좋은 생두에서 시작된다는 믿음으로, 산지에서 직접 고른 생두를 직접 볶고, 직접 추출해서 제공합니다.

연남점에서는 다양한 싱글 오리진과 블렌드 커피, 그리고 연남점만의 시그니처 메뉴를 즐길 수 있으며, 커피에 대해 잘 모르셔도 바리스타가 취향에 맞는 커피를 추천해 드립니다.",서울 마포구 성미산로32길 20-5,37.5636887,126.9237657,0507-1488-0633,"카페,디저트",,,
104,1,,미요 로스터리,연남동 재패니즈 핸드드립 전문 로스터리,서울 마포구 동교로46길 10 2층,37.5625268,126.9252981,,카페,,,
105,1,,낙랑파라커피하우스,"낙랑파라는 경성시대 문화-예술인의 아지트였던 공간을 모티브로 재탄생한 카페와 상점의 브랜드로, 건조한 일상을 살아가는 현대인에게 작은 위안과 쉼터가 될 수 있는 <골목의 오아시스>를 만들어 갑니다.

낙랑파라 커피하우스는 연남동에 새롭게 탄생한 카페 겸 로스터리 매장으로 직접 로스팅한 품질좋은 원두와 매일 만드는 신선한 디저트를 맛보실 수 있습니다.",서울 마포구 성미산로 153 1층,37.5644614,126.9234042,02-332-2282,카페,,,
106,1,,필담,"풍부한 맛과 향이 담긴 커피를 내리는, 기분 좋은 대화와 사색을 환영하는 공간입니다.",서울 마포구 동교로 55 남양빌딩 2층 (셀프빨래방 건물 2층입니다),37.5533287,126.908381,,"카페,디저트",,,
107,1,,틸로스터스,여러가지 스페셜티 원두를 즐길 수 있는 아늑한 산장느낌의 카페.,서울 마포구 신촌로2길 5-14 1층,37.5576898,126.9281427,0507-1332-9146,"카페,디저트",,,
108,1,,런 커피 RUN COFFEE,"For your [ In the Green ] Mood, 런 커피 Run Coffee 입니다 :)",서울 마포구 와우산로35길 19 금화빌딩 지1층 RUN COFFEE,37.5558277,126.9294447,,카페,,,
109,1,,아이덴티티커피랩,"다양한 산지에서 생산되는 수많은 커피들은
저마다의 매력을 가지고 있습니다.

우리는 고유의 매력을 가진 다양한 커피들을
온, 오프라인 스토어를 통해 꾸준히 소개하며
스페셜티 커피를 알립니다.",서울 마포구 동교로 139 1층 아이덴티티커피랩,37.555359,126.9174727,02-6015-0418,"카페,디저트",,,
110,1,,테라로사 홍대서교점,"[주차 안내]
- 누디트 홍대 주차장 이용
- 테라로사 이용 고객 1시간 무료(매장에서 사전 주차 등록)
- 최초 30분 2,000원 / 추가 10분당 800원",서울 마포구 월드컵북로5길 41 누디트 홍대 1층,37.5564524,126.9167738,1668-2764,카페,,,
111,1,,안녕낯선사람,2011년 여름에 오픈한 작은 개인카페입니다,"서울 마포구 어울마당로5길 40 1층 카페 안녕,낯선사람",37.5497944,126.9185288,070-4115-5610,카페,,,
112,1,,퍼셉션 합정,"퍼셉션은 합정의 로스터리 카페입니다. 저희가 직접 볶는 원두와 매장에서 만드는 디저트로, 한 잔의 균형과 여운을 정성스럽게 준비합니다. 에스프레소는 안정적인 단맛을, 필터는 산뜻한 질감과 향의 결을 살립니다. 시그니처 디저트와 시즌 원두, 드립백/디카페인도 준비되어 집에서도 같은 맛을 이어가실 수 있습니다. 오늘의 한 잔이 잠시 머물기 좋은 시간이 되길 바랍니다.",서울 마포구 어울마당로1길 16 1층,37.5466632,126.9184928,0507-1320-1086,"카페,디저트",,,
113,1,,노피디네콩볶는집,모던한 인테리어에 아기자기한 장식과 소품들이 인상적인 로스터리 카페입니다. 흔히 접하기 어려운 세계 각국의 특이한 커피들이 있어 커피를 좋아하는 사람들이 많이 찾는다고 하는데요. 매달 한 번씩 인디 밴드의 간단한 공연을 주최하고 있는 것도 특징입니다. 직접 원두를 로스팅하기 때문에 커피의 향을 느낄 수 있어 인기지요. 핸드드립커피가 유명합니다.,서울 마포구 잔다리로3길 31,37.5505282,126.9180926,02-337-3456,카페,,,
114,1,,센트플로우 커피 로스터리,"SCENTFLOW는
커피의 본질인 향을 통해 시대와 문화를 잇는 로스터리커피 매장입니다.
커피의 흐름은 과거의 풍미를 기억하고, 앞으로의 감각을 이끌며,
흘러가는 시간 속에서도 우리는 멈추지 않습니다.",서울 마포구 와우산로33길 33 1층,37.5557125,126.9285862,0507-1420-9086,"카페,디저트",,,
115,1,,말릭커피로스터스,말릭커피 2호점 로스터리겸 간단한 테이크아웃 매장입니다,서울 마포구 와우산로 39-21 2층,37.5481997,126.9221946,0507-1392-5261,"카페,디저트",,,
116,1,,칼디커피,"KALDI COFFEE SINCE 1991~ in Hongdae
저희는 커피가 지닌 다양한 가치를 구상하는 로스터리 카페입니다.

KALDI만의 시그니처 로스팅, 특색있는 플레이버의 커피와
세월의 올드함이 묻어나는 우드톤의 아늑한 공간을 제공해 드립니다.

테이블 (5인이상) 예약 및 2층 대관 문의는 매장 전화번호로 부탁드립니다!

Have a Good day & Good coffee, thank you !! :)",서울 마포구 와우산로29길 54,37.555954,126.927252,02-335-7770,"카페,디저트",,,
117,1,,어라이크,,서울 서대문구 홍제천로6길 23 1층,37.5743403,126.9256591,0507-1469-3827,베이커리,,,
118,1,,소모,,서울 서대문구 연희로27길 106,37.5701741,126.9317402,0507-1435-1689,"카페,디저트",,,
119,1,,어반플레이캐비넷클럽,"유럽을 대표하는 독일 베를린 스페셜티 로스터리 THE BARN은 제철별 좋은 생두를 선별하여 다양한 싱글 오리진 커피를 선보이며, 떼루아에서 나타나는 본연의 향미를 표현하는 데 집중하고 있습니다.",서울 서대문구 연희로11가길 48-23,37.567114,126.9269732,0507-1322-3640,"카페,디저트",,,
120,1,,펠루시드커피,"아늑한 분위기의 핸드드립 전문 로스터리 카페

스몰배치 로스팅으로 매주 다양한 원두를 제공합니다.

스페셜티 커피, 티 셀렉션, 밀크티와 가벼운 디저트가 준비되어 있으며

차분한 분위기에서 커피를 즐기실 수 있는 로스터리 카페 입니다.",서울 서대문구 연희로11바길 2 1층 103호,37.5693133,126.9284043,,카페,,,
121,1,,컨시어지커피,"영화 그랜드 부다페스트 호텔에서 영감을 받았습니다.

커피의 품질 당연히 중요하지만
그 커피를 즐기는 주체가 사람이기에
영화에서처럼 호텔에 방문하는
Guest에 초점을 맞추고자
컨시어지 커피라 이름을 짖게 되었습니다.

방문하시는 guest분들이 서로의 대화에 집중 할 수 있도록
1A 우유, specialty 원두, 유기농 바닐라빈, 유기농 사탕수수당을
사용하고 있습니다.
저희를 믿고 그저 시간을 즐겨주세요.
(Trust& love me - concierge coffee)",서울 서대문구 증가로 1 컨시어지 커피,37.5686621,126.9319233,0507-1441-5335,카페,,,
122,1,,쓰리어클락 연희,"연희동 주택가 속 홀로 자리한 카페, 쓰리어클락.
 핸드드립 커피와 계절 블렌딩 커피와 페어링 디저트가 어우러진 조용한 공간에서, 오후 3시 가장 완벽한 커피 타임을 경험해보세요.
 연희동 커피 및 디저트 맛집으로 알려진 저희는 수제 디저트와 스페셜티 커피를 제공합니다.
* 원두 문의는 매장으로 바로 전화 및 톡톡문의 주세요!
-주차장은 인근 공영주차장이용 및 모두의 주차장 어플 이용시 저렴합니다.
-임산부 및 노약자, 장애인 고객님은 가게 문의 주시면 주차 자리 미리 빼드립니다.
-가게 주차는 2대 가능합니다.
- 케어 키즈 및 펫존. 배려심 깊은 보호자님 동반 하에 유아 및 동물 친구들 모두 환영해요 :)",서울 서대문구 연희로25길 66 지층,37.5707266,126.9328889,0507-1394-0465,카페,,,
123,1,,디폴트밸류 연희점,"2022 KNBC 코리아 내셔널 바리스타 챔피언십 1위
국가대표 신창호 바리스타가 운영하는 스페셜티 카페입니다.

매장에서 직접 농축하는 우유로 만드는 '시그니처 라떼'
사이폰으로 추출해 향미가 풍부한 '스페셜티 브루잉 커피'

서울 3대 크로플 맛집.
겉바속촉의 프렌치 토스트.
프리미엄 재료로 직접 구운 수제 쿠키.

대한민국을 대표하는 커피와 디저트를 즐겨주세요 :)",서울 서대문구 성산로 333 1층(대로변),37.5661573,126.9274258,02-2293-3889,"카페,디저트",,,
124,1,,카멜트레인,마음을 설레게 하는 커피와 분위기 좋은 공간,서울 서대문구 연희로15길 43 1층,37.5692493,126.9299133,0507-1390-6320,"카페,디저트",,,
125,1,,카페리코,"매장에서 직접 로스팅 원두로 신선하고 맛있는커피를 제공함.
많은 메뉴보단 커피에 초점를 맞춘 로스팅 전문업체.",서울 서대문구 연희로 119 1층 카페리코,37.5685351,126.9319872,0507-1495-8897,"카페,디저트",,,
126,1,,업스탠딩,"Upstanding Coffee
 understands coffee.
Upstandingly.",서울 용산구 신흥로 99-11 Upstanding Coffee,37.5449601,126.984968,0502-1917-8727,카페,,,
127,1,,크레이트커피,한남동에 위치한 로스터리 스페셜티 커피 전문 카페,서울 용산구 독서당로 97 1층,37.5353057,127.0108819,070-7576-4936,카페,,,
128,1,,청파책가도,"* 방문 예약 or 워크인으로 만나보실수 있습니다.

청파책가도 공간이 새롭게 리뉴얼되었습니다. 차분한 분위기에서 커피와 차를 즐기실 수 있도록 예약제 or 워크인으로 운영됩니다.

** 당일 예약도 가능합니다.

청파책가도 카페 공간이 방문 예약형태로도 운영하게 되었습니다.
운영시간은 세개의 타임제로, 타임당 최대 12명 이상이 이용 가능한 크지 않은 공간입니다.

테이블당 1-2인까지 커피와 디저트를 즐기실수 있습니디.

차분한 분위기에서 커피와 차를 즐기실 수 있도록 준비되어 있습니다.

(이용시간은 120분입니다.)

이 밖에 다른 문의 사항은 인스타그램 DM 혹은 전화문의를 통해 연락주시기 바랍니다.

@cheong_pa_chaekgado

한국문화를 사랑하여 한국 전통 민화인 책가도의 상징성과 의미를 담고자 하는 저희 청파/ 책가도는 커피와 차가 함께 하는 문화예술 복합 커뮤니티 공간입니다.

한국의 미와 아름다움을 곳곳에 담아내려 하고 있습니다. 찾아주시는 분들께 이런 마음이 오롯이 전달되었으면 합니다.

한국과 동아시아 전통차(Tea)와
스페셜티 커피, 핸드드립(Drip coffee) 전문점입니다.",서울 용산구 청파로73길 96 1층,37.5521485,126.966028,0507-1377-3328,카페,,,
129,1,,유틸리티 커피 로스터스,"유틸리티 커피 로스터스는 작은 문제 인식로부터 시작되었습니다.
우리 산업에 이미 잘 알려진 대로 커피 산업은 노동 집약적입니다.
한 사람이 만들어낼 수 있는 부가 가치가 높지 못한 적은 생산성과 그와 연결된 낮은 임금 구조를 가지고 있습니다.

멋진 선배분들 덕분에 주 6일 근무 환경에서 5일 근무가 채택되기도 하고
최저임금보다 조금 더 나은 보수를 받는 경우도 생겨났습니다.
하지만 우리의 질문은 여기서 시작되었습니다.

그렇다면 다음의 변화는 무엇일까?

우리의 의문이 어디까지 어떻게 우리를 데려갈 수 있을지 전혀 모르겠지만
일단 가보렵니다.

잘 지켜봐 주세요.

사랑으로.",서울 용산구 원효로48길 7 1층,37.5345761,126.9607111,,"카페,디저트",,,
130,1,,맥심플랜트,"-주차 불가 / 인근 공영주차장 (한강진역 공영주차장) 이용 부탁드립니다.

-모두가 편안한 시간을 보내실 수 있도록, 반려동물 동반 및 외부 음식 반입은 어려운 점 너른 양해 부탁드립니다.",서울 용산구 이태원로 250,37.5369691,127.000997,070-4287-8557,카페,,,
131,1,,마일스톤 커피 한남점,"맛있는 커피를 향한 이정표
2014년 신사동과 압구정 사이 작은 골목길에서 시작한 전문 로스터리샵 '마일스톤 커피'의 두번째 공간입니다.
매장에는 두가지 블랜드 외 스페셜 시즌 블랜드, 다양한 핸드드립 싱글오리진 라인업들이 준비되어있습니다.
선호하시는 취향에 따라 원두를 선택해보세요.

누구나, 언제나, 편하게 들어와 맛있는 커피를 즐기실 수 있는 곳입니다.
진심을 담은 커피 한잔으로 정을 나누는 곳입니다.
늘 맛있고 친절한 곳으로 최선을 다하겠습니다.",서울 용산구 한남대로27가길 26 1층,37.5379217,127.0026845,0507-1362-3052,카페,,,
132,1,,곰발커피 후암동점,곰발커피에서 커피향 가득한 시간을 보내세요.^^,서울 용산구 두텁바위로 81,37.5467156,126.9808998,02-779-0428,"카페,디저트",,,
133,1,,엘카페 커피로스터스,"- 블루리본 서베이 13년 연속 선정
- Korea Speicalty cafe TOP 21
- 2021년 KBA COFFEE BREWING 부문 Winner
- 강릉 커피 축제 조직위원장(2020~2022)
- 한국스페셜티커피협회 이사

*C.O.E 국제 심사위원* 이 운영하는 로스터리 카페입니다.
최고의 스페셜티 커피를 제공 하기 위해 최선을 다고 있습니다.

감사합니다.",서울 용산구 후암로 68 B1,37.5519601,126.9771204,0507-1304-0736,"카페,디저트",,,
134,1,,데일리루틴 남영,"서울 남영동 숙대입구 카페 데일리루틴커피는
직접 로스팅한 스페셜티 원두를 사용하는 로스터리 카페입니다
매일 기센 W6 로스터기로 신선하게 볶은 원두를 제공하며
하루의 루틴을 완성하는 한잔을 제공하기위해 노력하고있습니다.
용산 카페 숙대입구 카페 남영동 로스터리카페를 찾는 분들께
매일 즐길수있는 커피와 디저트를 함께 즐길 수 있는 공간을 제공합니다

매장에서 즐기는 블렌드 M.V Blend , F Blend 외에도
다양한 싱글오리진 라인업의 필터커피와 원두, 드립백을 제공합니다.
직접 로스팅한 커피와 수제 디저트를 함께 즐길 수 있어 디저트카페를 찾는 분들에게도 인기입니다

숙대입구역 1번 출구 남영역 2번 출구 도보 5분 거리에 위치해 있으며
조용한 분위기의 로스터리 공간에서 편안하게 커피를 즐기실 수 있습니다
포장 테이크아웃 반려동물 동반 와이파이 콘센트 모두 이용 가능합니다

매일의 루틴을 완성하는 한 잔
서울 용산 남영동 스페셜티 로스터리 카페 데일리루틴커피에서 경험해보세요",서울 용산구 한강대로84길 5-8 데일리루틴,37.5439166,126.972901,02-795-9998,카페,,,
135,1,,만랩커피 용산문배KCC점,,서울 용산구 백범로90길 90 용산KCC웰츠타워상가 1층 107호,37.5375447,126.9686715,02-712-9342,카페,,,
136,1,,EverythingButTheHero,로스터리 카페,서울 용산구 회나무로 62 1층,37.5401132,126.9934127,02-792-7909,카페,,,
137,1,,위긴티식스,"이태원 로스터리카페 위긴티식스 입니다.

마감한 하루의 여유를 찾고 계시다면,
이태원 골목에 숨어 있는 로스터리 카페 [위긴티식스]에서 특별한 커피 타임을 경험해 보세요. 이곳은 직접 로스팅한 원두로 추출하는 풍미 깊은 커피와, 정성스럽게 구워낸 디저트가 조화를 이루어 커피 애호가들 사이에서도 입소문이 자자합니다.

이태원커피맛집 위긴티식스로 방문하셔서
바쁜 도시 속 잠시 멈춰 서서, 바리스타의 손길이 담긴 한 잔의 커피와 완성도 높은 디저트 한 조각으로 고객분들을 아낌없이 대접합니다.
편안한 분위기 속에서 진한 향과 맛을 음미하며, 일상에 작은 휴식을 선물해 보세요:)",서울 용산구 이태원로14길 19 1층 위긴티식스,37.533501,126.9907516,0507-1377-2317,카페,,,
138,1,,디 진테제 카페,Die Synthese Cafe - 디 진테제는 모던한 방식으로 예멘 스페셜티 커피를 소개하는 브랜드입니다. Our Own Coffee - Our Own Way,서울 용산구 녹사평대로40다길 61 1층 카페,37.5367644,126.9905934,0507-1413-0360,"카페,디저트",,,
139,1,,카페보케,,서울 용산구 회나무로13길 52-22,37.5414501,126.9908284,0507-1456-9126,"카페,디저트",,,
140,1,,헬카페 로스터즈,"진한 맛의 드립 커피가 맛있는 카페. 매장에서 직접 콩을 볶아 사용하며, 커피 한잔 한잔에 정성을 들이는 곳이다. 매장 안에 있는 레코드판을 틀어달라고 요청할 수 있어, 좋은 음악이 은은하게 울려 퍼져 분위기가 좋다. 직접 만든 티라미수와 당근주스도 인기 메뉴.",서울 용산구 보광로 76 1F,37.5303083,126.9969615,070-7604-3456,"카페,디저트",,,
141,1,,고트커피,에스프레소바 & 테이크아웃 스페셜티 커피 전문점,서울 용산구 장문로 36 1층 좌측,37.527741,126.9943012,02-2135-9177,테이크아웃커피,,,
142,1,,패스로스터스,"패스 로스터스 Path Roasters

[Path : 사람들이 지나다니며 생긴 작은 길]

커피를 사랑하는 분들과 재미있는 커피문화 만들기를 희망합니다.

길은 구상적 실체로부터 정신문화가 향상되면서 실체가 없는 관념적 통로라는 철학적 의미까지 부여되었습니다. Path에서 목적에 도달하고, 방도를 구하며, 마땅히 취해야 할 길을 구해보세요.

We hope that the love of coffee and its flow will come together to create a coffee culture.",서울 용산구 소월로2길 37 1층 우측 패스 로스터스,37.5532869,126.9766328,0507-1315-3603,"카페,디저트",,,
143,1,,트래버틴 한남,"트래버틴 I Roastery Cafe

트래버틴은 용산에서 시작된 커피 브랜드입니다. 저희는 2024년부터 로스팅을 시작했으며, 좋은 생두를 찾고 그 생두가 가진 잠재력이 최대한 발현될 수 있도록 최적의 로스팅 포인트를 연구합니다. 언제 어디서나 편하게 즐길 수 있는 깨끗한 맛과 기억에 남는 향을 담은 커피를 만듭니다.

또한, 맛있는 커피 한 잔을 매개로 사람과 지역 사회가 어우러지는 새로운 가치를 창출하고자 고민합니다. 끊임없이 변화하는 시대 속에서도 단단하면서도 유연한 태도를 유지하며, 지속 가능한 커피 문화와 라이프스타일을 제시합니다.",서울 용산구 독서당로14길 24 1층,37.5319534,127.0076369,070-4131-6003,"카페,디저트",,,
144,1,,블루보틀 한남 카페,카페를 포함한 고메494 내 합산 구매금액 5만원 이상 시 2시간무료(카페 내 등록처리 불가),서울 용산구 한남대로 91 G층 104호,37.5362809,127.0049782,1533-6906,"카페,디저트",,,
145,1,,브리즈서울 한남,기분 좋은 테라스에서 즐기는 매일 갓 구운 빵과 스페셜티 커피,서울 용산구 이태원로55가길 22 1층 브리즈서울,37.5374597,127.000015,0507-1463-8962,"카페,디저트",,,
146,1,,라운지 한남,"2018년 8월에 오픈한 Lounge Hannam(라운지 한남)은 ^Perfect Symmetry Espresso^ 슬로건으로 한잔의 일관성있는 커피를 매일 매일 제공하기 위해 최선을 다하고 있습니다.

커피와 관련한 모든 시럽(터비니도 비정제 설탕시럽, 마다카스카르 천연 바닐라빈 시럽, 초콜렛 소스)은 직접 만들어 사용하기에 인공적인 향 시럽의 제품은 최대한 사용을 하지 않습니다.
또한,
제주에서 생산하는 무농약 제철과일(청귤, 한라봉, 레몬, 댕유자), 의성 사과를 이용한 과일청을 정성으레 만들고, 숙성하여 제공하고 있습니다.

주차는 아쉽게도 1시간만 무료이용(이후 10분 1,000원) 가능하니 장시간 주차가 필요하시다면, 라운지 한남 도보 5분 거리에 있는 한남역 공영 주차장(1시간 3,000원)을 이용하시면 편리합니다.",서울 용산구 독서당로 39 신성미소시티 1층 102호,37.5315872,127.007249,070-4410-9191,"카페,디저트",,,
147,1,,로우키,"로우키는 서울을 기반으로 스페셜티 커피를 다루고 있는 로스터리 입니다. 2010년부터 로스팅과 원두 납품을 하고 있으며, 헤이그라운드점을 포함한 3개의 커피매장과 1개의 로스터리를 운영하고 있습니다.
항상 커피의 품질을 최우선으로 생각하며, 스몰배치 로스팅으로 신선하고 가장 맛이 좋을때 커피를 제공하는 것을 원칙으로 합니다.
커피가 가지고 있는 맛과 매력, 흥미로운 스토리가 온전히 전해질 수 있도록 노력하고 있습니다.
다양한 스페셜티 핸드드립커피를 즐기실 수 있습니다.","서울 성동구 연무장3길 6 1층, B1층",37.5442014,127.0515894,070-8824-2010,카페,,,
148,1,,에어드랍 커피 성수,"400평 규모 공용 라운지 안에 있어 넓고 편안한 분위기에서 커피를 즐기실 수 있습니다. 모카라떼와 싱글오리진 드립 커피가 인기가 많고, 시즈널한 에스프레소 베레이션 음료도 준비되어 있습니다.",서울 성동구 연무장7길 13 지하1층,37.544177,127.0544868,0507-1367-4298,"카페,디저트",,,
149,1,,커피익스플로러,"커피 로스팅 판매/납품, 커피 관련 교육/컨설팅을 제공하고 있습니다. 카페는 공지된 시간에만 운영합니다.",서울 성동구 성수일로12길 52 106호,37.5465547,127.056231,0507-1388-9532,카페,,,
150,1,,매니페스트커피,"맛과 공간의 좋은것을 분명하게 하려 노력하는 Manifest coffee 입니다.
Manifest 뜻: 나타내다,분명해지다
Hours:
Mon-Fri 8am-6pm
Sat 일시적으로 Closed
Sun Closed","서울 성동구 성수이로22길 37 아크밸리지식산업센터,101호",37.5439142,127.0613915,02-466-2900,"카페,디저트",,,
151,1,,로우키,"로우키는 서울을 기반으로 스페셜티 커피를 다루고 있는 로스터리입니다. 2010년부터 로스팅과 원두 납품을 하고 있으며 헤이그라운드점을 포함하여 4개의 매장을 운영하고 있습니다.
무엇보다 커피의 품질을 우선으로 생각합니다.
필요한 양만큼만 소량씩 로스팅하여 신선하고 맛이 가장 좋을 때 제공하며, 커피가 가지고 있는 맛과 스토리아 온전히 전해질 수 있도록 노력하고 있습니다.",서울 성동구 뚝섬로1나길 5 1층,37.5444719,127.0477787,070-8810-2010,카페,,,
152,1,,어피스앤드피스,"케이크, 파이, 구움과자등을 판매하는 디저트샵입니다.",서울 성동구 성수일로12길 17 1층 A Piece & Peace,37.5485305,127.0532217,0507-1338-4375,"카페,디저트",,,
153,1,,리글림 카페 성수점,"리글림(regleam)은 엄선한 생두를 직접 로스팅 하는 로스터리 입니다.
현재 소규모 원두납품을 진행하고 있으며, 에스프레소 머신이 없는 핸드드립 전문 카페 입니다.

리글림은 커피가 가지고 있는 맛 뿐만 아니라, 마셨을 때의 편안함과 부드러움 그리고 마시고난 후 깔끔한 맛을 지향하고 있습니다.

다양한 스페셜티 원두를 즐겨보세요.

또한,
리글림은 수제 버터밀크와 정성이 들어간 손반죽으로 만든 리글림만의 버터밀크 스콘은
일반 스콘과 달리 퍽퍽하지 않고 겉은 바삭하고 속은 촉촉하며, 깊은 버터의 풍미를 느낄 수 있습니다.

추가로 제공되는 수제 클로티드 크림과 잼은 스콘의 맛을 2배로 즐길 수 있습니다.",서울 성동구 서울숲2길 8-7 B1,37.5472472,127.0395659,0507-1400-0271,"카페,디저트",,,
154,1,,피카워크샵,,서울 성동구 상원10길 23 1층,37.5502772,127.0503315,0507-1400-0168,"카페,디저트",,,
155,1,,클라스카커피랩,"도심 속 캠핑 CLASKA

캠핑의 매력은 나만의 프라이빗한 텐트에서 커피 한 잔과 여유로움을 느끼는 것이죠. 캠핑, 하고 싶은데 이동거리와 장비 때문에 망설여지지 않으셨나요?
이제 두 손 가볍게 오셔서 정신없는 일상에 여유를 찾으세요.

클라스카는 성수에서 캠핑을 경험할 수 있는 캠핑 카페입니다.
나만의 프라이빗 텐트와 불멍존, 그리고 직접 로스팅한 신선한 커피까지 즐기실 수 있습니다.

일상 속에 휴식을 누리시길 바랍니다.

 - 주차 안내
 건물 내 주차장 이용이 가능합니다.
 2만원 이상 구매 시, 1시간 무료 주차.
 (*이후 별도 요금이 발생 / 10분 1,000원)",서울 성동구 연무장15길 11 B동 303호,37.54283,127.0589872,070-8833-7701,"카페,디저트",,,
156,1,,단일서울,"서울 성수동에 위치한 단일서울은 바리스타와 로스터로 오랜 시간 활동하고 있는 두 사람이 시작한 커피 전문 브랜드입니다.

단맛을 바탕으로 균형감 있는 향미는 일상의 활력이 되어준다고 생각하며 '누구나 매일 편안하게 마실 수 있는 커피'를 지향합니다.
단일의 '단'에는 단맛(Sweetness)를 내포하고 있으며 생산의 모든 과정에서 중점적으로 체크하고 있습니다.

원두 납품에 대한 문의는 홈페이지 'Wholesale' 카테고리의 양식지를 통해 편리하게 하실 수 있습니다.",서울 성동구 왕십리로 66-33 1층,37.5429936,127.0454827,0507-1384-9779,"카페,디저트",,,
157,1,,에이치커피로스터스,에이치커피로스터스는 스페셜티커피를 직접 로스팅하고 판매 합니다. 좋은 퀄리티의 원두를 부담없는 가격에 제공하여 많은 분들이 우리의 커피를 즐기실 수 있기를 바랍니다.,서울 성동구 성수일로11길 10 1층,37.5491731,127.050563,0507-1314-6040,카페,,,
158,1,,아드프커피로스터스,"아드프 커피로스터스(ADeF coffee roasters)는 'A Day of coffee Farm'의 약자로 일상에서 소소한 하루가 커피를 통해 특별해지는 경험을 선물하고자 합니다.

'스페셜티커피로 특별한 하루를 선물합니다'

ADeF에 방문하셔서 특별한 하루를 경험하세요 :)",서울 광진구 능동로3다길 1 1층/지하,37.5337839,127.0653215,0507-1342-4934,카페,,,
159,1,,커피스니퍼 클래식 서울숲점,"깊이 있는 브랜드 경험을 제공하기 위해 클래식을 주제로 기획했습니다. 브랜드 스토리에서 영감을 받은 탐정 사무소 콘셉트, 정교하게 설계된 커피 메뉴, 그리고 바리스타의 전문성이 더해진 섬세한 서비스가 조화를 이루어 클래식의 깊이와 현대적인 감각을 동시에 전달합니다.

커피를 좋아하는 모든 사람들이 쉽고 편안하게 즐길 수 있는 커피 문화를 중심으로 성장 목표를 두고 있습니다. 커피 스니퍼에 방문하시는 분들이 역사 속에 담겨있는 커피 스니퍼를 시각적으로 즐길 수 있는 인테리어 포인트, 커피 중심의 메뉴 구성 등을 기반으로 어우러진 음악과 함께 오감을 만족시킬 수 있는 분위기를 조성합니다.","서울 성동구 왕십리로 83-21 디타워 지하 1층 B115, B116 커피스니퍼 클래식",37.5441547,127.0433577,0507-1404-1783,"카페,디저트",,,
160,1,,테라로사 구의역점,(주)학산 테라로사 구의역점 입니다.,서울 광진구 아차산로 402,37.5366969,127.0878216,1668-2764,카페,,,
161,1,,휴먼 메이드 서울 카페 바이 블루보틀 커피,,서울 성동구 성수이로7길 39 2층,37.5425053,127.0532602,1533-6906,"카페,디저트",,,
162,1,,커피로그리는꿈협동조합,"'커피로 그리는 꿈'은 카페에서 직접 로스팅한 신선한 원두로 커피브루잉을 제공합니다.
 레몬과 자몽을 직접 손질하여 청으로 만들어 상큼하고 맛있는 차와 에이드를 만들어 드립니다.
아늑하고 조용한 카페!!!!
커피로 그리는 꿈에서 커피와 차 한잔 어떨까요?",서울 성동구 상원6나길 22-11 1층 카페 수다,37.5476908,127.0499912,0507-1336-4358,카페,,,
163,1,,크레이트커피,크레이트커피의 두번째 공간이자 로스터리랩을 함께 하는 성수점입니다.,서울 성동구 성수일로12가길 10,37.5494069,127.0528185,070-7576-4935,"카페,디저트",,,
164,1,,에스프레소 바 시 자양점,"최고의 바리스타와 에스프레소 머신을 사용하고 있습니다. 또한 6가지 품종의 스페셜티 원두(브라질, 콜롬비아, 과테말라, 코스타 리카, 에티오피아, 시 블랜딩)를 사용하여 최상의 품질과 맛으로 승부합니다.",서울 광진구 아차산로 345 123호,37.5372746,127.0817137,02-3425-3532,카페,,,
165,1,,트레비커피로스터스,매장에서 직접 로스팅하는 신선한 원두와 수제 디저트를 제공해 드리고 있습니다,서울 광진구 군자로 63,37.5490092,127.070578,0507-1436-1703,카페,,,
166,1,,보난자커피 군자 카페&로스터리,"(Unnecessarily Good) Bonanza Coffee

더 나은 커피 한 잔을 위한
필요 이상의 집착과 끝없는 궁금증.

2006년 독일 베를린에서 시작한 보난자커피 Bonanza Coffee는
유럽의 스페셜티 커피 문화를 이끈 브랜드 중 하나로,
공정무역과 라이트 로스팅을 추구합니다.

'25 Coffee Shops Around The World You Have To See Before You Die'
당신이 죽기 전에 반드시 가봐야 할 세계 25대 카페
'Best Top 5 Cafes in Europe' 유럽을 대표하는 5대 카페
'2021 Top 10 Best Coffee Shops in The World' 2021 세계 최고의 10대 카페

세계적인 매체들로부터 '반드시 경험해야 할 커피'로 손꼽히며 명성을 이어오던 보난자 커피는 2022년, 유럽을 넘어 한국과 전 아시아를 대상으로 원두 공급을 시작했습니다.
더 나은 한 잔의 커피를 만들기 위해서라면 아프리카의 아주 작은 농장에서부터 인도네시아, 남미까지 어디든 찾아가는 보난자커피.

남들이 가지 않았던 먼 곳으로 나아가려는 보난자커피의 도전정신을 통해,
농부들이 정성스레 돌보고 수확한 커피가 바다를 건너 서울에 도착했습니다.
보난자커피 코리아에서 로스팅한 원두로 더욱 신선한 커피를 경험하세요.

@bonanzacoffee @bonanzacoffee_korea",서울 광진구 능동로 239-1 B동 1층 보난자커피,37.5516342,127.0763031,070-4110-3113,"카페,디저트",,,
167,1,,건대커피 랩,"Erase your Momory..
기존..커피 맛에 대한 기억을 지우다..

건대커피랩은 유럽커피디플로마와 6명의 유럽인증 바리스타 및 로스터가 직접로스팅하고 커피를 만듭니다

ㅡ건대 커피래브러토리 바리스타의 사명ㅡ
커피래브러토리 바리스타의 사명은
최선을 다한 한 잔의 커피로 지친 몸과 마음에
휴식과 활력을 주는 것에 있다ㅡ

※건대지역에서 유일하게 4종의 아메리카노를 취급하며, 특히 상위1% 커피빈으로 만든
네번째 아메리카노(로열플레쉬)가 있습니다

※로열플레시는 시나몬향아메리카노 출시!
  (가향하지않고, 원두 자체의 시나몬 향 독특)
2023년1~2월 시즌 한정

※ 브루윙커피: 핸드드립 COE커피 & 9개국
10여종의 스페셜티 핸드드립커피를 마실 수 있는 유일한 공간
C.O.E커피 (Cup of Excellence:국제대회 생두)
무산소발효 등 스페셜티 라인 (리필가능+2000원)

※카페라떼 및 플랫화이트 등4종
 & 커피 베리에이션 : 아인슈페너 맛집

※ 사이즈 : 전메뉴 ICE 밴티. HOT그란데
※Take Out : -30~40% 할인

※소트프버터스콘, 고메버터앙스콘 인기!
※벨기에 초콜릿으로 직접구운 초콜릿 인생 브라우니 인기!

※과일을 직접 30일 숙성시킨 과일 소다 음료
(애플시나몬, 자몽석류,라임레몬,패션후르츠)
※밀크티 : 영국얼그레이로 직접끓인 tea
※스트로베리 라떼인기

100% 스페셜티 커피만을 취급한다

※최선을 다한 한 잔의 커피를 위해 ,
결점두 제거작업 3번 이상 핸드픽 후 로스팅합니다.

※한달에 1000잔 이상의 커피를 Cuopping 테스트 및 분석하여 최적의 커피 추출합니다
유럽디플로마와 유럽인증바리스타가 매일 로스팅한 스페셜티 커피빈과 원두는 7일 이상 지나면 판매하지 않고 서비스로 제공하거나 폐기합니다.

※원두 문의 및 구매. 카카오채널 '건대커피랩'",서울 광진구 동일로22길 102 2층,37.5408292,127.0696519,0507-1438-7728,카페,,,
168,1,,앤시넌,"ENTSINNEN 앤시넌
이 단어는 기억하다, 회상하다 라는 뜻입니다.
우리는 향을 매개체로 기억을 회상합니다.

그래서 많은 사람들이 향을 통해 좋은 기억을 가졌으면 합니다.

감사합니다.",서울 광진구 능동로 137-3 1층,37.5432573,127.0717664,02-466-4933,카페,,,
169,1,,광장시장 일호상회,"광장시장에는 5,682개의 점포가 있습니다.
일호상회는 광장시장에서
가장 오래된 점포 001호 상점을
계승한 공간입니다.

커피라는 수단이 주는 긍정적인 힘을 믿는 사람들이 모여 1961년 부터 시작된 광장시장 내 가장 오래된 점포에서 스페셜티 커피를 소개하고 있습니다.

우리는 다양한 사람들이 모이는 '시장'이라는 친근하면서도 특별한 공간에서 우리의 역할이 무엇인지 알고 있습니다. 구성원들은 매일 그 역할을 다 하기 위해 밝은 미소와 진심 어린 환대로 손님을 맞이합니다.",서울 종로구 종로32길 2 1층1호,37.5706135,127.0004199,0507-1301-9782,"카페,디저트",,,
170,1,,소소,"매일 맛볼 수 있는 소소한 즐거움. 소소하게, 즐겁게!",서울 종로구 종로 104 YBM 1층 소소 카페,37.5699254,126.9893656,,카페,,,
171,1,,삼원샏,"coffee is life is circle of colours

Drink coffee Enjoy coffee Enjoy life

삼원샏은 사람의 삶이다

인스타그램
- samonesec
- cafe_samonesec",서울 종로구 대학로11길 9-3 삼원샏,37.5821841,127.0012204,0507-1428-0233,"카페,디저트",,,
172,1,,펠트커피 청계천점,"안녕하세요.
펠트커피 청계천점입니다.

산지에서 직접 선별한 원두를 매일 로스팅해
신선하고 균형 잡힌 커피를 제공합니다.

매주 새로운 싱글 오리진 커피를
필터 커피로 만나보세요.

청계천점에서는 싱글 오리진을
에스프레소 음료로도 즐길 수 있습니다.

커피와 잘 어울리는 디저트와 함께,
일상에서 스페셜티 커피를 경험해보세요.

Better Coffee for All",서울 중구 청계천로 14,37.5687921,126.9788346,02-3789-5946,"카페,디저트",,,
173,1,,알레그리아 광화문 케이스퀘어시티점,Specialty Coffee since 2011.,서울 중구 청계천로 24 1층,37.5685545,126.9801781,02-6466-7188,카페,,,
174,1,,온더플랜커피랩,"온더플랜 커피랩에서는 직접 로스팅한 스페셜티 커피와 직접 굽는 최고의 빵과 디저트를 즐기실 수 있습니다.
 서울 도심 속 최대규모의 로스팅 시설로 최고의 스페셜티 커피를 제공합니다.

테이크 아웃 : 30% 할인
인스타그램 @onthe_plan

건물 피엔씨 투 뒷편 주차장에 주차 가능합니다.

영업시간
주중 7시-24시
주말 9시 - 23시30분
연중무휴입니다.",서울 중구 퇴계로 202 풍산빌딩 1층,37.5610444,126.9942929,02-2268-7080,카페,,,
175,1,,킵댓 안국점,"안녕하세요 킵댓입니다 새로운 가치실현과 그것을 적응해야하는 속도가 너무나 빠른 요즘입니다. 그 새로움에만 사로잡혀 기존 가치관들에 대한 유지와 보존에 대해 많은 고민을 하지 않고 있지 않았을까? 라고 되돌아 봅니다. 꼭 잊지 말아야할것을 잊지 않는 것, 기존 가치관들에 대한 유지와 보존 그 뒤에 발전이 필요하다는 것, 그 고민의 끝에 저희 'KEEPTHAT' 이라는 브랜드 우리의 네이밍이 만들어졌습니다.",서울 종로구 율곡로 88 2층 202호,37.576809,126.988942,0507-1412-8268,카페,,,
176,1,,더오오 더오프닝오브,시작하세요!,서울 중구 을지로 55 4층 더오오,37.566412,126.9840415,0507-1475-4774,테이크아웃커피,,,
177,1,,드림라이크커피,"안녕하세요, 광화문 드림라이크 커피입니다.
청계천과 가장 가까운 카페로, 엄선된 다양한 핸드드립 원두를 선보입니다.
특별히, 세계가 주목하는 게이샤 커피를 경험하실 수 있는 공간.
당신의 커피 취향을 한 단계 더 깊게 깨워드립니다.

감사합니다.",서울 종로구 무교로 39 1층,37.5695268,126.979193,02-737-2237,카페,,,
178,1,,븨븨븨,안녕하세요. Cafe VVV(븨븨븨)는 커피전문기업 '랩씨앤씨'에서 운영하는 첫 번째 쇼룸입니다.,서울 종로구 돈화문로11나길 53 1층,37.5749637,126.9895159,0507-1468-6202,"카페,디저트",,,
179,1,,히트커피로스터스 센트로폴리스,"스페셜티 커피 전문 브랜드 히트커피 로스터스 입니다.
좋은 커피로 좋은 에네지를 전달하고자 하는 모토 아래
한 잔 한 잔 정성스럽게 커피와 디저트를 내어드리고 있습니다.

2025 World Best Brewing 1위
2024 World Best Roasting 4위

천안본점(로스팅랩), 서교점, 신사점, 한남점, 이태원점

그리고 센트로폴리스점",서울 종로구 우정국로 26 센트로폴리스 빌딩 건물 지하2층,37.5714967,126.983659,0507-1422-5810,카페,,,
180,1,,어펜드커피로스터스,,서울 중구 명동3길 17 충일빌딩 2층,37.5645736,126.9834312,02-779-9578,"카페,디저트",,,
181,1,,캐시미어커피,"커피의 오래된 신화에서 등장하는 염소는 부드럽고 풍성한 털을 가지고 있습니다. 캐시미어에서 느껴지는 부드러운 털들은 커피를 머금었을 때 부드럽게 퍼지는 아득한 향을 연상시킵니다.

스페셜티 커피, 지속 가능한 방법을 위해 항상 고민하겠습니다.

See coffee as one languages.",서울 중구 수표로6길 33-2 1층,37.5628725,126.9923495,0507-1349-5918,카페,,,
182,1,,커피스니퍼 서울시청점,"2019년도에 설립된 로스터리 브랜드 커피 스니퍼 입니다. 바리스타들이 모여 만든 브랜드로 매해 시즈널 싱글오리진, 하우스 블렌드 3종 등을 소개하고 있으며 지속적이고 건강한 스페셜티 커피 문화를 위해 오프라인, 온라인을 통해서 노력하고 있습니다.

커피를 좋아하는 모든 사람들이 쉽고 편안하게 즐길 수 있는 커피 문화를 중심으로 성장 목표를 두고 있습니다. 커피 스니퍼에 방문하시는 분들이 역사 속에 담겨있는 커피 스니퍼를 시각적으로 즐길 수 있는 인테리어 포인트, 커피 중심의 메뉴 구성 등을 기반으로 어우러진 음악과 함께 오감을 만족시킬 수 있는 분위기를 조성합니다.",서울 중구 세종대로16길 27 남양빌딩 1층 102호,37.5633743,126.9784195,0507-1314-1783,"카페,디저트",,,
183,1,,카페상국,"안녕하세요! 안국역, 창덕궁 옆
원서동에 새로 생긴 카페입니다.
원두를 직접 볶는 로스터리카페이며
드립커피와 다양한 라떼아트를
만나볼 수 있는 곳! 1층부터 3층
루프탑까지 전층을 카페로 운영
하고 있습니다.전층 NO KIDS / 반려견1층 OK
카페상국에서 궁뷰와 함께 힐링하세요. ^^
대관, 제휴 이벤트 문의는 전화 및 DM 부탁드립니다.",서울 종로구 창덕궁길 47-7 1~3층,37.5795704,126.988902,,"카페,디저트",,,
184,1,,맥컬리커피,"안녕하세요. 맥컬리커피 입니다.
저희는 로스터리 카페이며 경험많은 헤드로스터의 독창적인 블렌드 커피를 즐길수있는 공간입니다.
시그니처 블렌드커피로는 로만메이드 블렌드 커피를 서비스하고있으며, 이외에도 다양한 싱글오리진 원두를 브루잉으로 제공하고있습니다. 품질좋은 생두를 구매하고 합리적인 가격에 판매하기위하여 노력하고있으며, 스페셜티 기반으로 다양한 품종과 프로세스를 거친 커피를 로스팅하여 추출과 원두로 판매중입니다. 독특한 커피로는 게이샤품종과 COE 커피를 로테이션하여 로스팅 하고있습니다.
미국 빈티지 스타일의 특색있는 공간과 락앤롤 음악도 즐겁게 즐기시길 바래요 !",서울 중구 충무로5길 6-1 2층,37.565217,126.9923393,0507-1370-9635,"카페,디저트",,,
185,1,,커피붕붕 커피볶는집 서울공예박물관점,"2012 ~ 2013 커피붕붕 (커피트럭)
2013 ~ 2018 커피붕붕 커피볶는집
2018 ~ BB. COFFEE ROASTERS 리브랜딩
2018 ~ 서울카페쇼 공식 파트너샵
2019.10 광화문으로 이전
2021. 2 붕붕커피마켓 온라인스토어(네이버 스마트스토어) 오픈
2021. 6 ~ 2022.10(종료) 서울브랜드 파트너스 선정 - 해치커피
2021 ~ 서울쇼핑페스타(서울관광재단) 참여업체
2023. 9 제11회 서울상징관광기념품 서울특별시장상 수상 - 광화문커피
2023.11 서울공예박물관점 개업 (교육동 4층)
2024. 1 고향사랑기부제(행정안전부) 서울시청 답례품 공급업체 선정 - 광화문커피
2024. 6 동대문디자인플라자점(DDP) 개업 (DDP마켓 C8호)
2024.10 서울브랜드(서울마이소울) 지식재산권 사용 승인 - 서울커피
2024.11 DDP디자인스토어 입점 - 서울커피
2024.12 ~ 2025.2 서울광장 스케이트장점 팝업스토어 운영
2025. 1 고향사랑기부제(행정안전부) 서울시청 답례품 공급업체 연장계약 - 서울커피
2025. 5/2 ~ 5/8 현대백화점 무역센터점 팝업스토어 - 서울커피",서울 종로구 율곡로3길 4 서울공예박물관 교육동 4층,37.576841,126.98281,0507-1402-9096,카페,,,
186,1,,어반밀커피 센트로폴리스점,"어반밀커피는 바쁜 도심 속에 편안함을 주는 커피 방앗간입니다.

색다른 커피를 경험하실 수 있도록 직접 로스팅한 싱글오리진 원두는 제철과일같이 계절에 어울리는 원두를 매월 선별하고있습니다.

저희는 일상에서 드시는 한 잔의 커피가 조금 더 가치있게 전달되길 바랍니다.",서울 종로구 우정국로 26 센트로폴리스 1층 어반밀커피,37.5712033,126.9838748,0507-1362-1791,카페,,,
187,1,,도조커피 광화문점,"안녕하세요 도조커피 입니다. 고객님께서 원하는 생두를 직접 선택하시면 즉석으로 로스팅 해드립니다. 도조커피를 통해서 커피라는 분야와 가까워 질 수 있도록 친절하게 도와드리겠습니다.

1. 생두정보를 보신후 중량을 선택해 주세요.
2. 분쇄도를 선택해 주세요.
(홀빈, 콜드브루, 프렌치프레스, 커피 메이커, 핸드드립, 모카팟, 에스프로소 머신 or 에어로프레스)
3. 중량과 분쇄도를 요청사항에 기재후 예약시간을 정해주세요.
4. 예약확정 알림을 받으신 후 정하신 시간에 픽업하러 방문해 주세요.

오늘 로스팅한 원두는 3-4일 디게싱 후 드시면 더 깊은 맛과 향,풍미를 느끼실 수 있습니다.
패키지 상단이 밀폐되어있지않아 드실때는 밀폐용기 보관을 추천드립니다.

아직 네이버스토어에 등록되지않은 원두, 드립백 예약문의는 DM,톡톡으로 언제든지 문의주세요.",서울 종로구 종로 19 1층 115-1호,37.5708345,126.9798606,0507-1348-8253,"카페,디저트",,,
188,1,,1358cafe,,서울 종로구 돈화문로8길 26,37.572448,126.9920557,02-745-1358,테이크아웃커피,,,
189,1,,홀리핸즈커피,"낮에 영업을 하지 않는 이자카야의 작은 공간을 임대하여, 명동 직장인 분들께 스페셜티커피를 제공하던 홀리핸즈커피.
명동 샵인샵을 시작으로 상암, 천호, 종각, 명동본점에 이어 평내호평(남양주)점을 오픈하였습니다.
현재는 명동 아르누보센텀 2층과 평내호평점만을 운영중입니다.",서울 중구 명동7길 21 2층 215호,37.5647371,126.9838787,02-3789-7540,카페,,,
190,1,,블루노트커피,"BLUE NOTE is

7음계의 3음 E 와 7음 B 를
반음 낮춰 연주하는
대표적인 Jazz scale

블루노트 커피는
복잡하고 건조한 일상 속에서
잠시나마 플랫의 여유를 느끼시길
바라는 마음으로 하루를 준비합니다

맛있는 스페셜티 커피를
합리적인 가격으로 제공합니다

항상 최선을 다하겠습니다",서울 중구 을지로 88 을지스타몰 을특6호 블루노트 커피,37.56617,126.9863652,02-3789-3223,"카페,디저트",,,
191,1,,커피붕붕 커피볶는집 동대문디자인플라자점,"2012 ~ 2013 커피붕붕 (커피트럭)
2013 ~ 2018 커피붕붕 커피볶는집
2018 ~ BB. COFFEE ROASTERS 리브랜딩
2018 ~ 서울카페쇼 공식 파트너샵
2019.10 광화문으로 이전
2021. 2 붕붕커피마켓 온라인스토어(네이버 스마트스토어) 오픈
2021. 6 ~ 2022.10(종료) 서울브랜드 파트너스 선정 - 해치커피
2021 ~ 서울쇼핑페스타(서울관광재단) 참여업체
2023. 9 제11회 서울상징관광기념품 서울특별시장상 수상 - 광화문커피
2023.11 서울공예박물관점 개업 (교육동 4층)
2024. 1 고향사랑기부제(행정안전부) 서울시청 답례품 공급업체 선정 - 광화문커피
2024. 6 동대문디자인플라자점(DDP) 개업 (DDP마켓 C8호)
2024.10 서울브랜드(서울마이소울) 지식재산권 사용 승인 - 서울커피
2024.11 DDP디자인스토어 입점 - 서울커피
2024.12 ~ 2025.2 서울광장 스케이트장점 팝업스토어 운영
2025. 1 고향사랑기부제(행정안전부) 서울시청 답례품 공급업체 연장계약 - 서울커피
2025. 5/2 ~ 5/8 현대백화점 무역센터점 팝업스토어 - 서울커피",서울 중구 을지로 281 동대문디자인플라자 지하2층 DDP마켓 C8호,37.5669258,127.0095233,,카페,,,
192,1,,텐퍼센트커피 을지로3가역점,,서울 중구 을지로 108,37.5660491,126.9899266,070-4793-7776,카페,,,
193,1,,텐퍼센트커피 방산시장점,"저희 매장은 [패스오더 앱]으로 편하게 주문이 가능한 매장입니다!
앱으로 미리 주문하고 방문 후 기다리지 않는 VIP 경험을 가져보세요!",서울 중구 을지로33길 6 101호,37.5671355,127.0002956,0503-5260-6829,카페,,,
194,1,,엔조이 커피,엔조이 커피  입니다! 스페셜티 커피 전문점 이고요 맛과 친절한 서비스로 공간을 즐길수  있는 까페입니다! 많이들 놀러오세요,서울 중구 수표로 26 1층 엔조이 커피,37.5635193,126.9904119,02-2275-6718,"카페,디저트",,,
195,1,,드링커 을지로3가점,"Fresher, Richer, Flavors

스페셜블랜딩의 커피와 함께
새벽 과일시장에서 배송받은 신선한 생과일로
생과일 주스와 과일청을 준비합니다!",서울 중구 수표로 28 1층,37.5636629,126.9903317,0507-0289-9804,"카페,디저트",,,
196,1,,미눔,"MINUM(미눔)은 인도네시아어로 [마시다] 라는
의미로, 카페/펍 문화를 전달합니다.
미디어아트 및 퀄리티 높은 메뉴들로
편안한 시간 보내시기 바랍니다.

영업시간은 오전 7시부터 오후10시이며
주중에만 운영합니다. (토/일/공휴일 휴무)
*토/일/공휴일은 대관 (장소 대여) 운영

 @ 아침메뉴(라면, 샌드위치, 스프 등)
 @ 바이엔슈테판, 하이볼, 진토닉과 함께 드실 수 있는 다양한 메뉴들이 준비되어 있습니다.
(단체 대관 문의 환영)",서울 중구 을지로 80-1 1층,37.565823,126.9868014,0507-1462-4462,"카페,디저트",,,
197,1,,티피,"상업촬영, 파티, 모임 등 공간 이용서비스",서울 중구 삼일대로6길 5 1층,37.562547,126.9893235,0507-1369-4267,카페,,,
198,1,,나떼조아,"*매주 콩을 볶는 로스터리 카페 나떼조아*

바리스타인 사장님이 직접 로스팅한 커피를 맛볼 수 있는 나떼조아입니다. 신선한 원두를 사용하여 로스팅한 나떼조아의 커피는 인근 커피점중에서 그맛이 최고라고 자부합니다.

여러가지 원두를 골라 맛볼 수 있는 깔끔한 시그니쳐 핸드드립 커피와 상호에서 느낄 수 있듯이 고소하고 진한 라떼 맛이 좋아 많은 고객님들이 사랑해 주시는 메뉴입니다. 커피에 대해 모르시는 분들도 친절한 사장님이 커피에 대한 문의에 전문적인 답변을 해 줄 수 있는 준비가 되어 있어 언제나 행복한 마음으로 왔다가 갈 수 있는 장소입니다.

널찍한 매장에 감각적인 소품들, 산뜻한 분위기로 누구나 한 번쯤은 머물고 싶은 장소 나떼조아
마스코트인 매장 앞 호랑이를 보시면 바로 들어와서 맛있는 커피를 맛보세요.

원두 및 드립백 판매도 하고있으며, 바리스타 교육 및 커피를 알아갈수 있는 일일 클래스도 운영하고 있습니다.

>>일일클래스
*에스프레소 클래스 / 핸드드립 클래스
*일시: 상담후 결정(1회 2시간)
*인원: 평일 2~4명, 토요일4~8명
*체험료: 1인 3만원

>>커피아카데미 바리스타 클래스
실습 위주의 실전 교육입니다
인원: 0명(1대1 또는 1대2)
시간: (상담)
수강료: 30,000원/회 (재료비포함)

*신청시 일시 조정가능합니다. 010-5217-4935로 문의주세요",서울 중구 퇴계로12길 23 1층,37.558629,126.9814211,0507-2093-8508,카페,,,
199,1,,광화문 아덴,"Maison Aden: Hallo! ween Roastery & Bakery

고요한 건물 틈새로 새어 나오는 커피와 빵의 향기,

평일엔 잠시 머물며 따뜻한 휴식을,

주말엔 여유롭게 시간을 즐겨보세요.",서울 종로구 경희궁길 37 1층,37.5726817,126.9695699,070-8670-4941,베이커리,,,
200,1,,다위스 로스터리,"나의 최애 커피를 찾는 다채로운 여정 <다위스 로스터리> 그리고 <오즈 바>

<다위스 로스터리>가 서울 종로에 새롭게 문을 열었습니다. 고양시에서 근 10여 년간 사랑받아 온 이 로스터리 카페는 깊은 역사와 전통을 자랑하며, 새로운 공간에서 커피 애호가들에게 특별한 경험을 제공하고자 합니다.

특별한 티 블렌드 시리즈와 계절마다 새롭게 선보이게 될 산지별 최상급 원두들 그리고 티와 커피의 풍미를 배가시키기 위해 맞춤 제조된 슈가 시리즈와 함께 다양한 미각의 여정을 즐기실 수 있습니다.

또한, <오즈 바>와 함께하는 정기적인 커핑 세션과
다양한 문화와 배경의 게스트 바리스타, 티 전문가및 파티셰 초대 이벤트 등을 통해 커피 & 티가 전하는 특별한 진심을 더욱 깊이 느낄 수 있는 최고의 기회를 만나실 수 있기를 기대합니다.

커피와 티에 완벽하게 페어링 되는 프리미엄 수제 디저트도 준비되어 있습니다. 시그니처 브라우니, 티라미수, 샤인머스켓 케이크, 누가 글라세 등을 시즌별로 선보입니다.

<다위스 로스터리>와 함께 나만의 의미 있는 시간들을 더욱 풍성하게 채워가실 수 있길 소망합니다.

회원제로 운영하는 다양한 혜택의 특별한 프로그램이 궁금하시다면 바리스타 님에게 문의주시고, 대관 및 개인/사업자 원두 정기 구독 신청 문의도 언제나 환영합니다. 공예의 아름다움이 담긴 한정 판매되는 잔들도 함께 즐겨보세요.

대관 문의 : 인스타그램 DM 또는 이메일 kardiaspace@gmail.com",서울 종로구 경희궁3길 3-5 2층,37.5729537,126.9680953,0507-1373-5952,"카페,디저트",,,
201,1,,라운지엑스 IFC몰점,"LOUNGE'X IFC몰점

새로운 공간도 좀처럼 새롭지 않은 요즘,
'바리스타 로봇'이 내려주는 스페셜티 드립 커피!

LoungeX가 IFC몰점에 첫 선보이는 최신형 로봇 Baris!
지능형 원두 알고리즘과 다양한 정밀 제조 기술로
미각과 시각을 깨워줄거에요.

기본 아메리카노부터 다양한 음료
원재료를 아끼기보단 고객 한분의 만족을 추구합니다.

라운지엑스는 인간과 로봇의 융화를 선도하며
여의도 NO.1 스페셜티 카페가 되기위해 노력하고 있습니다.",서울 영등포구 국제금융로 10 L1 151호,37.52472,126.9259345,,카페,,,
202,1,,티에프티커피로스터스 테라스점,"커피와 스콘을 판매합니다.

티에프티는 여의도 오피스 상권에 위치한 공간입니다.

'Task Force Team'의 약자를 뜻하는 네이밍은 새로운 프로젝트를 추진할 때, 각 부서의 직원이 모여 팀을 만들고 프로젝트를 진행하는 것을 말하는 사무적 용어에서 출발했습니다.

커피를 추출하는 사람과 제공받는 사람 모두가 하나의 팀이 되어 공간을 채운다는 의미로

'TFT COFFEE ROASTER'는 모든 일하는 사람들의 쉬어 갈 수 있는 휴식 공간을 제공합니다. 우리는 직관적인 설명을 통해 스페셜티 문화에 대한 높은 허들을 허물고, 모든 직장인들이 쉽고 편하게 접근할 수 있는 데일리 스페셜티 카페를 지향합니다.",서울 영등포구 여의나루로4길 21 1층,37.5216497,126.928407,0507-1372-6047,"카페,디저트",,,
203,1,,곳온니플레이스 OLD STREET,"곳온니플레이스는 최고의 품질을 지향하는 스페셜티 카페입니다.
매장 내에서 제공되는 모든 것은 직접 만들어 사용하고 있습니다. (바닐라 시럽, 설탕시럽, 초코소스, 블루베리 청 등)
디저트 중 페스트리 종류는 모두 프랑스에서 수입한 제품이며, 티라미수 케익은 주문 후 만들어지는데 시트, 크림 모두 매장에서 직접 만든 것입니다.
초코는 벨기에, 요크셔 골드 영국 등 각 지역을 대표하는 식자재로 재료를 만들어 판매하고 있습니다.
최고의 퀄리티로 다가가도록 노력하겠습니다.",서울 영등포구 국회대로36길 2,37.5271943,126.8981247,0507-1428-0724,"카페,디저트",,,
204,1,,무자커피 양평,스페셜티 커피와 음료 및 디저트를 제공합니다 :),서울 영등포구 양산로3길 7 1층 무자커피,37.5264221,126.8850352,,카페,,,
205,1,,이코복스커피스튜디오 서여의도점,,"서울 영등포구 은행로 29 1층 2, 3, 4호",37.529084,126.9219003,0507-1355-5339,"카페,디저트",,,
206,1,,토키,"뉴욕파 사진작가의 인스타 감성 분위기 카페

뉴욕파 사진작가의 감각적인 공간 카페.
대충 찍어도 멋진 작품이 되는 소품과 조명으로, 세련되고 힙한 분위기를 연출한 셀프사진 카페.
뉴욕파 사진작가가 추천하는 사진 스팟에서 자유자재로 사진을 찍어보세요!

스몰배치
로스터리 토키의 원두를 집에서 주문후 다음날 오전 7시전에 쿠팡 로켓 배송으로 만나보실수 있습니다.

문래동 에스프레소바 토키의 적산 커피원두 홀빈(분쇄안함)
https://link.coupang.com/a/cgCMTp

문래동 에스프레소바 토키의 에티오피아 싱글 오리진 커피원두 홀빈(분쇄안함)
https://link.coupang.com/a/cgCNdt",서울 영등포구 선유로 58 지하1층,37.5190198,126.8894573,0507-1343-9557,"카페,디저트",,,
207,1,,스틸바이트 문래,"STEEL BYTE는 '강철의 땅' 문래동에서 시작된 스페셜티 커피와 로스터리 전문 브랜드로, 변하지 않는 일관성과 깊이를 지닌 커피를 통해 고객들에게 영감을 제공합니다.

'STEEL'은 흔들림 없는 견고함과 일관성을, 'BYTE'는 커피 한 모금마다 전달되는 작은 순간의 즐거움과 집중을 상징합니다. 이는 단순한 음료가 아닌, 창의적인 에너지를 충전하는 소중한 시간의 단위로서, 우리의 커피가 여러분의 일상 속에 특별한 영감을 더하고자 하는 의미를 담고 있습니다.

문래동의 산업적 역사와 예술적 창의성을 바탕으로, 우리 카페는 견고한 크리에이터들이 모여 아이디어를 나누고 협력하며 성장할 수 있는 공간을 지향합니다.

하이엔드 로스터기 로링으로 로스팅한 스페셜티 필터커피 와 시그니처 블렌딩밀크로 만든 바이트라떼 , 플랫화이트를 즐겨보세요.

원두 납품 문의는 02-2679-6735로 문의 바랍니다.",서울 영등포구 경인로78길 1 1층,37.5118867,126.894478,0507-1370-6735,"카페,디저트",,,
208,1,,패스드,"문래동의 작은 스페셜티 커피 로스터리 패스드입니다.
항상 좋은 품질의 커피를 채워놓고 있겠습니다.
원두 납품 등의 문의는 업체 전화번호 또는 인스타그램 DM으로 부탁드립니다.",서울 영등포구 경인로 714 1층 1호 카페 패스드,37.5114472,126.8933207,0507-1346-3776,"카페,디저트",,,
209,1,,모키 오목교점,"- 천연발효종 식사빵을 전문으로 합니다.
- 매일 아침 구워내는 빵으로 만든 홈메이드식 샌드위치를 판매합니다.
- 일상 속 작은 미식의 기쁨을 전하는 공간을 지향합니다.

편안한 휴식의 시작 모키, The beginning of comfort and relaxation.

※ 매장 내 반려동물은 출입은 불가합니다. 너른 양해 부탁드립니다. (안내견의 경우 이동 보조 수단 없이 출입 가능)",서울 양천구 신목로12길 8,37.5209428,126.874367,0507-1470-2507,베이커리,,,
210,1,,뉴웨이브 커피 로스터스,안녕하세요 뉴웨이브 커피 로스터스입니다.,서울 양천구 오목로56길 2,37.5241891,126.873863,070-4400-4645,카페,,,
211,1,,공간다반사 양평,"공간다반사의 2호점 [공간다반사 양평] 입니다

- 공간다반사는 매장 내에서 우유차(밀크티)와 원두, 디저트를 직접 만들고 있습니다

- 원두는 선유점에서 로스팅, 스페셜티 생두와 함께 블렌딩한 원두를 사용하고 있습니다",서울 영등포구 양산로 66 1층,37.5248812,126.8902488,0507-1361-3838,"카페,디저트",,,
212,1,,테라로사 IFC몰점,안녕하세요. 테라로사 IFC몰점입니다.,"서울 영등포구 국제금융로 10 , L2층",37.5245461,126.925599,1668-2764,카페,,,
213,1,,텐퍼센트커피 여의도역점,,서울 영등포구 여의나루로 42,37.5215746,126.9246895,02-784-1013,카페,,,
214,1,,주빈커피 여의도본점,"주빈커피는 융드립 전문 카페입니다. 다양한 싱글오리진 원두가 준비되어 있습니다!

2층 : 주빈커피 ORIGIN(토,일 휴무)
1층 : 주빈커피 MEISTER(일 휴무)

상가전용 지하주차장 2시간 무료",서울 영등포구 의사당대로 127 롯데캐슬엠파이어 2층 204호 205호,37.5201235,126.9264269,0507-1309-7970,카페,,,
215,1,,카페인,"최고등급 싱글오리진 커피전문점

에티오피아 예가체프 G1등급
케냐 마사이 AA등급
코스타리카 따라주 SHB등급
과테말라 안티구아 SHB등급
콜롬비아 우일라 Supremo등급

※ 커피 전 메뉴 '디카페인(콜롬비아)' 선택 가능합니다.

※ 매장 이용시 1인 1음료 (디저트x)
※ 1음료 주문당 3시간 이용가능
※ 주차는 결제금액 1천원당 10분 (최대 3시간)",서울 관악구 호암로24길 48 1층 카페인,37.4694121,126.9358215,0507-1462-0671,카페,,,
216,1,,카페일분 신림점,안녕하세요:) 카페일분 CAFE ILBOON 신림점 입니다!,서울 관악구 호암로 399 상가동 104호,37.463188,126.9264815,0504-0804-5492,카페,,,
217,1,,티피에스커피,"분위기 좋은 스페셜티 커피 전문 로스터리 TPS COFFEE는 낙성대역 1번출구 도보 3분 거리 인헌시장 입구에 자리한, 직접 로스팅한 스페셜티 커피 본연의 향미를 정성껏 전하는 공간입니다.

5층 Coffee Roasters TPS에서 매일 신선하게 로스팅한 스페셜티 커피는 이력 추적이 가능하며, 품질과 지속가능성을 중요하게 생각하는 큐그레이더 크루가 직접 선별하고 관리합니다.
4층 카페 공간에서 핸드드립을 비롯한 다양한 브루잉 방식으로 다양한 스페셜커피를 만나보실 수 있습니다.

수제 디저트 카페로서도 TPS COFFEE는 매장에서 직접 만든 신선한 과일청 음료와 매일 구워내는 디저트와 수제 샌드위치를 함께 제공합니다. 인공 향료 없이 재료 본연의 맛을 살린 정직한 레시피로, 30~40대 고객님들께서 특히 많이 찾고 계십니다.

모임 하기 좋은 카페, 프라이빗 커피 클래스 공간으로도 운영 중인 TPS COFFEE는 커피의 즐거움을 혼자서도, 함께여도 온전히 느낄 수 있는 여유로운 공간을 지향합니다.분위기 좋은 카페, 조용한 카페, 작업하기 좋은 카페, 공부하기 좋은 카페, 브런치 카페로 추천 드립니다.

또한 CQI 국제공인 큐그레이더, CCAK 커피품질관리사 등 국내외 자격을 갖춘 크루가 고품질 커피를 선별하며, GCS 바리스타 교육센터 및 Cuppers of Korea 인증 교육도 함께 운영 중입니다. 커피 클래스 아카데미를 통해 커피를 배우고 싶으신 분들에게도 TPS COFFEE는 좋은 시작이 되어드립니다.

TPS COFFEE는 화려하진 않지만, 정직하고 깊이 있는 커피와 디저트로 오랜 시간 함께할 수 있는 공간을 만들어가고 있습니다.
로스팅 원두커피 맛집 카페를 찾고 계시다면, TPS COFFEE에서 스페셜티 커피의 새로운 경험을 만나보세요.",서울 관악구 봉천로 616 4층,37.4754416,126.9655025,0507-1322-1885,"카페,디저트",,,
218,1,,모노헤르쯔,"스페셜티&커피 전문매장입니다.
다양한 고급원두와 핸드드립까지 맛보실 수 있습니다.

모노헤르쯔의 베이글은
15년 키운 천연발효종으로 만들어
좋은 질감과 고소한 풍미(통밀 사용)를 느끼실 수 있습니다.

수제 크림치즈 또한
필라델피아 크림치즈를 베이스로
하나 하나 엄선한 좋은 재료들로 만들고 있습니다.",서울 관악구 신림로58길 14 2층,37.4822086,126.9307365,0507-1463-0734,카페,,,
219,1,,카페일분 신림푸르지오점,안녕하세요:) 카페일분 CAFE ILBOON 신림푸르지오점입니다!,서울 관악구 남부순환로 1430 상가동 1층 111호,37.4801202,126.909769,,카페,,,
220,1,,티라노,"저희 티라노 카페&펍은 밖에서 봤을땐 심플한 느낌이 강합니다.실내는 엄청화려하면서 화려하지않은느낌이며 누구나편하게 대화할수있는공간을추구하는곳입니다.
저희가게에는 이름얼걸맞게 공룡들이 배치되어있는데 이소품은 모두 손님들께서 주고가신 특별한 소품들을배치해놨습니다 그래서 손님분들이 더욱 특별한공간으로 많이생각해주고계십니다
그리고 매장에 특별한선물이하나더 있다고하면 석기시대초콜릿이 배치되어  음료를드시면서 추억을다시느낄수있는 매장입니다

저희매장은 샤로수길에 가장먼저 생긴 카페이며 7년동안 장수하고 손님들에게 많은 사랑을받고있는 카페입니다
저희매장은 스페셜티 원두를 직접로스팅하고 있으며 40여종류원두를 판매하고있습니다.
추출방식같은경우엔 손님들입맞에 맞추어드리기때문에 인근매장 밎 동네에서도 많이찾아주고있습니다!
7년동안 스페셜티원두의 맛을 유지하기위해 직접로스팅하며 항상같은방식으로 로스팅을 진행하고있습니다.
다른매장들과는 다르게 저희는 수동 에스프레소머신을 사용하고있으며 손님들에게 커피맛의 풍미를 더욱 느끼게해드리기위해 수동 에스프레소 머신기를 선택하게 되었습니다
그외 메뉴로는 더치를 이용한 음료밎 밀크티가 유명합니다

스페셜티가 비싸서 못오시는분들!
자기는 커알못 이거나!
다양한원두를 먹어보고싶다!
느끼시는분들은 '티라노커피' 로 방문해주시면 자신 취향에맞는 스페셜티원두로 행복을전하도록하겠습니다.

""다양한스페셜티의 행복을 느끼시려면?이곳으로~",서울 관악구 남부순환로230길 39,37.4783305,126.9555509,0507-1402-2280,"카페,디저트",,,
221,1,,로스터리 아이딜 커피,peace,서울 관악구 행운길 7 1층 아이딜 카페,37.4794079,126.9588484,,"카페,디저트",,,
222,1,,고로커피로스터스,"고로커피로스터스는 봉천동 한적한 골목안에 위치한 작은카페입니다.
스쳐가는 사람들로 가득한 매장이기 보다는 안부를 묻고 소소한 이야기를 나눌 수 있는 공간이길 원합니다.
그 안에서 정성을 다한 커피와 디저트가 조금이나마 온기를 더해줄 수 있기를 기원합니다.",서울 관악구 남부순환로231길 33,37.4807574,126.9579439,,"카페,디저트",,,
223,1,,그릿커피랩,"Grit Coffee Lab

2016년 12월에 오픈하여 8년차 된 로스터리 카페입니다.
앤절라 더크워스의 grit이라는 책을 읽고 지어진 이름입니다.
Groth 성장
Resilience 회복력
Integrity 진정성
Tenaciry 끈기
앞글자를 따 GRIT
포기하지 않고 끈질기게 노력하는 사람이 성공한다는 의미입니다.
가게 이름처럼 지속적으로 성장해 나아가고 있는 그릿커피랩 입니다.

그릿커피랩에서는 매장에서 직접 로스팅하며 각 생산지의 특색을 살린 다양한 커피의 맛을 느낄 수 있습니다.

Hand Drip Single 5종
에티오피아 예가체프 g2
콜롬비아 수프리모
과테말라 후에후에테낭고( 지역변동가능)
케냐 AA
브라질 세하도 파인컵

에스프레스 3종
고소한 맛 (산미가 적은 견과류의 고소한 맛)
산뜻한 맛 (부드러운 산미가 많고 밸런스가 좋은 맛)
디카페인 (카페인을 제거한 콜롬비아 원두로 산미가 약간 있습니다)

원두판매 하고 있습니다.
100g - 7,000원
200g - 13,000원
500g ~ 1kg은 도매가로 판매합니다.

1층 매장이 협소하여 지하 매장을 확장하였습니다.
도심속의 세미 캠핑장 같은 분위기의 아지트에서 편하게 즐기세요.

그릿커피랩에서는 원두 커피 및 커피 장비를 납품합니다.
예비창업자 및 카페를 운영하시는 사장님께서 원두나 장비가 필요하시면 문의 주세요.",서울 관악구 쑥고개로 99 1층 그릿커피랩,37.4793011,126.9476994,0507-1327-1833,"카페,디저트",,,
224,1,,그린테라스앤샐러드박스,"매일 직접 로스팅한 신선한 아라비카종 원두를 사용합니다.샐러드,샌드위치는 매일 신선한 야채를 사용하여 미리 만들어두지않고 주문이 들어오면 바로 만들어 드립니다.",서울 관악구 관악로28길 13,37.4853082,126.9569021,02-6465-2570,"다이어트,샐러드",,,
225,1,,커인스 커피,,서울 성북구 종암로21길 42 커인스 커피,37.600572,127.0334418,0507-1417-1395,"카페,디저트",,,
226,1,,러피,스페셜티 커피와 스페셜티 커피로 내린 에스프레소를 촉촉히 적신 찐한 티라미수를 만날 수 있는 러피입니다,서울 성북구 화랑로13길 79-2 1층,37.6066642,127.0407665,0507-1390-4127,"카페,디저트",,,
227,1,,사만 커피 로스터스,"* 성북동 네임드에스프레소가 2024년부터 사만 커피 로스터스로 상호 변경됩니다. (대표자와 운영방식, 장소는 그대로입니다. 상호만 변경)

스페셜티 커피 로스터리 사만 커피 로스터스입니다! 매달 새로이 로스팅되는 핸드 드립 스페셜티 커피 라인업은 인스타그램 페이지를 체크해주세요.
@saamann.coffee.roasters

한성대입구역 6번 출구 도보 2분 거리입니다 :)
가게 앞 주차 불가 / 건너편 청우식품 주차장 이용 (유료입니다)

사만 커피 로스터스는
(구)네임드에스프레소라는 이름으로 2017년 오픈 때부터 직접 로스팅 및 Small Batch 를 지향하는 스페셜티 커피 로스터리입니다.
매주 새로운 원두 라인업을 선보이며,
원두에서 발현되는 향미를 최대한으로 느낄 수 있도록 Probat 로스터기로 로스팅하고 있으며
가변압 에스프레소 머신 Synesso 와 유량조절 에스프레소 머신 Slayer 를 사용하고 있습니다.
(매주 바뀌는 핸드드립 커피 라인업은 위 인스타그램 참고)

금요일과 일요일은 바이닐(엘피)로 재즈만 틀어드리는 JAZZ DAY
평일과 토요일에는 바이닐로
Soul / R&B / Hiphop / Jazz / House 등 다양하게 틀어드리고 있습니다.

스피커로는 깊은 중저음과 고음까지 완벽한 배음을 내어주는 - 세계 유수의 스튜디오에서 모니터링 스피커로 사용되고 있는 ATC 스피커 를 운용하고 있습니다.",서울 성북구 성북로6길 2-2,37.5895139,127.0054389,0504-0952-2271,"카페,디저트",,,
228,1,,카페일분 돌곶이점,안녕하세요:) 카페일분 CAFE ILBOON 돌곶이점입니다!,서울 성북구 화랑로32길 54-5,37.6079612,127.0573005,,카페,,,
229,1,,텐퍼센트커피 돈암점,"안녕하세요 :)

저희는 상위 10%의 원두와 바리스타의 정성으로 스페셜티 커피를 제공하는 텐퍼센트커피 돈암점입니다 !

항상 찾아주시는 모든 분들께 맛있는 커피와 친절함으로 보답하겠습니다 !",서울 성북구 동소문로 186 1층,37.5986022,127.022028,0507-1856-7754,카페,,,
230,1,,카페 어쩌다 오늘,,서울 종로구 대학로14길 6 2층,37.5837405,127.0021701,0507-1398-2074,"카페,디저트",,,
231,1,,코나헤이븐 강북점,"저희 매장은 하와이 빅아일랜드 코나 골든벨트(코나 지역 중에서도 최상의 품질을 재배하는 농장지역)에서 재배한 최상 품질의 커피열매를 100% 사용하여 전문 바리스타가 최상의 상태로 커피를 음미할 수 있게 서비스 합니다.
원두를 직접 수입하고 볶는 커피 전문 로스터리 카페입니다.",서울 종로구 성균관로 82,37.5894411,126.9979116,0507-1321-8777,"카페,디저트",,,
232,1,,위치스커피 앤 펍,"에그타르트 맛집!!! 샌드위치 맛집!!! 커피맛집!!!
맛과 편안한 휴식이 있는 위치스커피입니다^^","서울 종로구 혜화로3길 5 301동 104호, 105호",37.5855717,127.0001622,0507-1404-7039,"카페,디저트",,,
233,1,,카페 시와,"성신여대 브런치 카페, 시와

성신여대 브런치 카페, 시와는 라이트 로스팅 싱글오리진 원두로 핸드드립 커피를 제공합니다.
천연발효종 포카치아 샌드위치, 직접 만든 리코타치즈, 바스크 치즈케이크 등 브런치와 디저트도 준비되어 있어요.
조용한 분위기에서 커피와 함께 여유로운 시간을 보내고 싶다면 시와로 오세요.

운영시간 : 13시부터 22시까지
위치 : 성신여대 인근 조용한 골목
인스타그램 @cafe_siwa","서울 성북구 동소문로23길 40-1 1층 카페, 시와",37.595052,127.016612,0507-1372-0193,"카페,디저트",,,
234,1,,보사노바 커피로스터스 방송통신대학교점,"보사노바 방송통신대학교점

혜화 마로니에 공원 바로 앞에 위치해 있으며,
강원도에서 드셨던 커피 맛 그대로 마로니에 공원 인근에서 예술가들의 열정과 맛있는 커피 한 잔이 함께합니다.",서울 종로구 이화장길 81 방송통신대학교 열린관 1F,37.5797267,127.0037879,0507-1421-5260,"카페,디저트",,,
235,1,,보통의,,서울 종로구 동숭길 51 1층,37.5804968,127.0042241,,"카페,디저트",,,
236,1,,이화로스터리,이제 이화동에서 맛있고 다채로운 스페셜티 커피를 만나실 수 있습니다,서울 종로구 율곡로17길 4 1층,37.5760373,127.0050468,0507-1492-2774,카페,,,
237,1,,릴렉세이션포인트 중계,"[도심속 작은 휴식공간] 은평구에 본점을 두고 있는 Relaxation point coffee Roasters 입니다. 저희는 원두 납품,카페운영,디저트 등 커피 와 관련된 일들을 진행하고 있습니다. 항상 친절하고 감사하는 마음으로 한분한분 기다리겠습니다.","서울 노원구 한글비석로 245 A동 1층 113,114호",37.6490415,127.0762442,0507-1375-5039,"카페,디저트",,,
238,1,,카페세마,,서울 노원구 동일로 1238 1층,37.6409777,127.0663231,0507-1350-2304,"카페,디저트",,,
239,1,,카페일분 중계점,안녕하세요:) 카페일분 CAFE ILBOON 중계점입니다!,"서울 노원구 덕릉로73길 28 (중계동,양지대림2차아파트)1층101호",37.6536559,127.0727054,,카페,,,
240,1,,바빈스커피 중계브라운스톤점,,서울 노원구 동일로203가길 29 1층 159호,37.6398063,127.0644241,02-977-8005,카페,,,
241,1,,얼터너티브 로스터리& 베이커리,"얼터너티브 로스터리&베이커리
우리는 매일 아침 신선한 커피를 볶고 맛있는 빵을 굽습니다.",서울 강동구 천중로 206 1층,37.5407604,127.1430042,0507-1429-0234,카페,,,
242,1,,에이치앰퍼샌드,함께 라는 의미를 가진 에이치앰퍼샌드는 카페 공간을 매개로 다양한 스페셜티 커피를 소개합니다.,서울 강동구 고덕로83길 156 1층,37.5614788,127.1663265,0507-1345-3976,카페,,,
243,1,,제이든 커피 로스터스,"https://smartstore.naver.com/jdcr

제이든 커피 로스터스는 직접 로스팅한 원두를 사용한 커피와 매일 새로 굽는 베이커리를 선보이는 공간입니다.

제이든에서 직접 로스팅한 다양한 원두를 만나 보세요 :) 에스프레소 커피를 위한 세 가지 블렌딩 원두와 핸드드립을 위한 스페셜티 커피가 준비되어 있습니다. 인기메뉴 아인슈페너, 레몬아메리카노, 베트남연유라떼, 스콘, 만개이상팔린 두바이초콜릿등이 준비되어 있습니다. 야간에도 이용가능합니다.

※ 제로페이, 애플페이, 카카오페이, 네이버페이 사용가능
※ 원두 납품, 교육 문의",서울 강동구 천호대로219가길 50 1층 제이든커피,37.5476581,127.1724707,0507-1463-0251,"카페,디저트",,,
244,1,,머스 로스터리 카페,"독일제 명품기계인 프로밧시스템으로 원두제조 공장을 운영중인 올림픽공원 커피전문점입니다 베이커리도 납품을 받지않고 직접만들고 있습니다 둔촌동 성내동에서 가장 오래된 로스터리카페인 토노토 커피가 머스카페로 이름을 변경하였습니다 (구) 토노토 커피
자리가 많아서 단체모임 생일축하 환영합니다
생일 케익 지참가능, 단체 인원별 요청시 테이블 배치를 해드립니다",서울 강동구 양재대로89가길 68 1층 머스카페,37.5236135,127.133734,0507-1453-2293,"카페,디저트",,,
245,1,,프롬투커피 고덕점,직접 로스팅한 신선한 원두로 한잔의 좋은 커피를 만듭니다. (매주 주말 로스팅한 신선한 원두도 다양하게 준비되어 있습니다),서울 강동구 동남로71길 38 102호,37.551943,127.1541731,02-428-0009,카페,,,
246,1,,블랙루스터커피,커피 작업실 겸 테이크 아웃 판매점 블랙루스터 커피 입니다.,서울 강동구 성내로13길 57 1층 블랙루스터 커피,37.5305844,127.1281383,,카페,,,
